-- EMPRESAS
INSERT INTO public.empresas (id, nombre, rnc, sector, activa) VALUES ('207bf963-c85e-4525-978e-a186455be7cd', 'Empresa 1 S.A.', '101156991', 'Tecnología', true);
INSERT INTO public.empresas (id, nombre, rnc, sector, activa) VALUES ('46f71144-7c40-43db-9bc7-f55961dd30cd', 'Empresa 2 S.A.', '101988190', 'Tecnología', true);
-- AUTH USERS & USUARIOS
INSERT INTO auth.users (instance_id, id, aud, role, email, encrypted_password, email_confirmed_at, raw_app_meta_data, raw_user_meta_data, created_at, updated_at, confirmation_token, email_change, email_change_token_new, recovery_token) VALUES ('00000000-0000-0000-0000-000000000000', '37914e59-1ccb-48a2-86de-b2663373cb7e', 'authenticated', 'authenticated', 'usuario1_empresa1s.a.@test.com', crypt('password123', gen_salt('bf')), now(), '{"provider": "email", "providers": ["email"]}', '{"name": "Usuario admin 1"}', now(), now(), '', '', '', '');
INSERT INTO public.usuarios (id, empresa_id, nombre, email, rol, activo) VALUES ('37914e59-1ccb-48a2-86de-b2663373cb7e', '207bf963-c85e-4525-978e-a186455be7cd', 'Usuario admin 1', 'usuario1_empresa1s.a.@test.com', 'admin', true);
INSERT INTO auth.users (instance_id, id, aud, role, email, encrypted_password, email_confirmed_at, raw_app_meta_data, raw_user_meta_data, created_at, updated_at, confirmation_token, email_change, email_change_token_new, recovery_token) VALUES ('00000000-0000-0000-0000-000000000000', '76a2e59c-0cd9-4f6f-aa75-dc05fb0b5ad3', 'authenticated', 'authenticated', 'usuario2_empresa1s.a.@test.com', crypt('password123', gen_salt('bf')), now(), '{"provider": "email", "providers": ["email"]}', '{"name": "Usuario empleado 2"}', now(), now(), '', '', '', '');
INSERT INTO public.usuarios (id, empresa_id, nombre, email, rol, activo) VALUES ('76a2e59c-0cd9-4f6f-aa75-dc05fb0b5ad3', '207bf963-c85e-4525-978e-a186455be7cd', 'Usuario empleado 2', 'usuario2_empresa1s.a.@test.com', 'empleado', true);
INSERT INTO auth.users (instance_id, id, aud, role, email, encrypted_password, email_confirmed_at, raw_app_meta_data, raw_user_meta_data, created_at, updated_at, confirmation_token, email_change, email_change_token_new, recovery_token) VALUES ('00000000-0000-0000-0000-000000000000', 'd89caccf-822b-4ca4-936b-95e314433039', 'authenticated', 'authenticated', 'usuario3_empresa1s.a.@test.com', crypt('password123', gen_salt('bf')), now(), '{"provider": "email", "providers": ["email"]}', '{"name": "Usuario empleado 3"}', now(), now(), '', '', '', '');
INSERT INTO public.usuarios (id, empresa_id, nombre, email, rol, activo) VALUES ('d89caccf-822b-4ca4-936b-95e314433039', '207bf963-c85e-4525-978e-a186455be7cd', 'Usuario empleado 3', 'usuario3_empresa1s.a.@test.com', 'empleado', true);
INSERT INTO auth.users (instance_id, id, aud, role, email, encrypted_password, email_confirmed_at, raw_app_meta_data, raw_user_meta_data, created_at, updated_at, confirmation_token, email_change, email_change_token_new, recovery_token) VALUES ('00000000-0000-0000-0000-000000000000', '0995dd4a-c10d-4d43-98da-97adb7379197', 'authenticated', 'authenticated', 'usuario4_empresa1s.a.@test.com', crypt('password123', gen_salt('bf')), now(), '{"provider": "email", "providers": ["email"]}', '{"name": "Usuario empleado 4"}', now(), now(), '', '', '', '');
INSERT INTO public.usuarios (id, empresa_id, nombre, email, rol, activo) VALUES ('0995dd4a-c10d-4d43-98da-97adb7379197', '207bf963-c85e-4525-978e-a186455be7cd', 'Usuario empleado 4', 'usuario4_empresa1s.a.@test.com', 'empleado', true);
INSERT INTO auth.users (instance_id, id, aud, role, email, encrypted_password, email_confirmed_at, raw_app_meta_data, raw_user_meta_data, created_at, updated_at, confirmation_token, email_change, email_change_token_new, recovery_token) VALUES ('00000000-0000-0000-0000-000000000000', '75cf4dcc-a45b-4532-b118-5bfdeb5266f4', 'authenticated', 'authenticated', 'usuario5_empresa1s.a.@test.com', crypt('password123', gen_salt('bf')), now(), '{"provider": "email", "providers": ["email"]}', '{"name": "Usuario cliente 5"}', now(), now(), '', '', '', '');
INSERT INTO public.usuarios (id, empresa_id, nombre, email, rol, activo) VALUES ('75cf4dcc-a45b-4532-b118-5bfdeb5266f4', '207bf963-c85e-4525-978e-a186455be7cd', 'Usuario cliente 5', 'usuario5_empresa1s.a.@test.com', 'cliente', true);
INSERT INTO auth.users (instance_id, id, aud, role, email, encrypted_password, email_confirmed_at, raw_app_meta_data, raw_user_meta_data, created_at, updated_at, confirmation_token, email_change, email_change_token_new, recovery_token) VALUES ('00000000-0000-0000-0000-000000000000', '8da403ce-76b3-4c83-bc23-d83b3f66b80d', 'authenticated', 'authenticated', 'usuario1_empresa2s.a.@test.com', crypt('password123', gen_salt('bf')), now(), '{"provider": "email", "providers": ["email"]}', '{"name": "Usuario admin 1"}', now(), now(), '', '', '', '');
INSERT INTO public.usuarios (id, empresa_id, nombre, email, rol, activo) VALUES ('8da403ce-76b3-4c83-bc23-d83b3f66b80d', '46f71144-7c40-43db-9bc7-f55961dd30cd', 'Usuario admin 1', 'usuario1_empresa2s.a.@test.com', 'admin', true);
INSERT INTO auth.users (instance_id, id, aud, role, email, encrypted_password, email_confirmed_at, raw_app_meta_data, raw_user_meta_data, created_at, updated_at, confirmation_token, email_change, email_change_token_new, recovery_token) VALUES ('00000000-0000-0000-0000-000000000000', '0f724f4f-7079-4785-9f0a-005e6f5700dc', 'authenticated', 'authenticated', 'usuario2_empresa2s.a.@test.com', crypt('password123', gen_salt('bf')), now(), '{"provider": "email", "providers": ["email"]}', '{"name": "Usuario empleado 2"}', now(), now(), '', '', '', '');
INSERT INTO public.usuarios (id, empresa_id, nombre, email, rol, activo) VALUES ('0f724f4f-7079-4785-9f0a-005e6f5700dc', '46f71144-7c40-43db-9bc7-f55961dd30cd', 'Usuario empleado 2', 'usuario2_empresa2s.a.@test.com', 'empleado', true);
INSERT INTO auth.users (instance_id, id, aud, role, email, encrypted_password, email_confirmed_at, raw_app_meta_data, raw_user_meta_data, created_at, updated_at, confirmation_token, email_change, email_change_token_new, recovery_token) VALUES ('00000000-0000-0000-0000-000000000000', 'a37b5ff1-84e8-4ab0-8d26-41384a161135', 'authenticated', 'authenticated', 'usuario3_empresa2s.a.@test.com', crypt('password123', gen_salt('bf')), now(), '{"provider": "email", "providers": ["email"]}', '{"name": "Usuario empleado 3"}', now(), now(), '', '', '', '');
INSERT INTO public.usuarios (id, empresa_id, nombre, email, rol, activo) VALUES ('a37b5ff1-84e8-4ab0-8d26-41384a161135', '46f71144-7c40-43db-9bc7-f55961dd30cd', 'Usuario empleado 3', 'usuario3_empresa2s.a.@test.com', 'empleado', true);
INSERT INTO auth.users (instance_id, id, aud, role, email, encrypted_password, email_confirmed_at, raw_app_meta_data, raw_user_meta_data, created_at, updated_at, confirmation_token, email_change, email_change_token_new, recovery_token) VALUES ('00000000-0000-0000-0000-000000000000', 'a6b9c66c-f449-4529-ba57-8022d6efce63', 'authenticated', 'authenticated', 'usuario4_empresa2s.a.@test.com', crypt('password123', gen_salt('bf')), now(), '{"provider": "email", "providers": ["email"]}', '{"name": "Usuario empleado 4"}', now(), now(), '', '', '', '');
INSERT INTO public.usuarios (id, empresa_id, nombre, email, rol, activo) VALUES ('a6b9c66c-f449-4529-ba57-8022d6efce63', '46f71144-7c40-43db-9bc7-f55961dd30cd', 'Usuario empleado 4', 'usuario4_empresa2s.a.@test.com', 'empleado', true);
INSERT INTO auth.users (instance_id, id, aud, role, email, encrypted_password, email_confirmed_at, raw_app_meta_data, raw_user_meta_data, created_at, updated_at, confirmation_token, email_change, email_change_token_new, recovery_token) VALUES ('00000000-0000-0000-0000-000000000000', '257a311d-f2ef-4b47-9292-57e04126bb11', 'authenticated', 'authenticated', 'usuario5_empresa2s.a.@test.com', crypt('password123', gen_salt('bf')), now(), '{"provider": "email", "providers": ["email"]}', '{"name": "Usuario cliente 5"}', now(), now(), '', '', '', '');
INSERT INTO public.usuarios (id, empresa_id, nombre, email, rol, activo) VALUES ('257a311d-f2ef-4b47-9292-57e04126bb11', '46f71144-7c40-43db-9bc7-f55961dd30cd', 'Usuario cliente 5', 'usuario5_empresa2s.a.@test.com', 'cliente', true);
-- EMPLEADOS
INSERT INTO public.empleados (id, empresa_id, usuario_id, nombre, cedula, email, telefono, area, cargo, salario_base, fecha_contrato, estado) VALUES ('53dd70fb-2901-461f-b6bf-5b58cc407122', '207bf963-c85e-4525-978e-a186455be7cd', '37914e59-1ccb-48a2-86de-b2663373cb7e', 'Usuario admin 1', '001-6834934-3', 'emp0@test.com', '809-555-8364', 'Ventas', 'Gerente', 82071, CURRENT_DATE - integer '323', 'activo');
INSERT INTO public.empleados (id, empresa_id, usuario_id, nombre, cedula, email, telefono, area, cargo, salario_base, fecha_contrato, estado) VALUES ('dbacd678-5dfa-4b13-92d3-2a044cee0ca5', '207bf963-c85e-4525-978e-a186455be7cd', '76a2e59c-0cd9-4f6f-aa75-dc05fb0b5ad3', 'Usuario empleado 2', '001-3272034-1', 'emp1@test.com', '809-555-1708', 'IT', 'Especialista', 63554, CURRENT_DATE - integer '25', 'activo');
INSERT INTO public.empleados (id, empresa_id, usuario_id, nombre, cedula, email, telefono, area, cargo, salario_base, fecha_contrato, estado) VALUES ('864eaa60-78b6-42c8-8e70-c4d27edd7d8e', '207bf963-c85e-4525-978e-a186455be7cd', 'd89caccf-822b-4ca4-936b-95e314433039', 'Usuario empleado 3', '001-6458951-0', 'emp2@test.com', '809-555-6152', 'Ventas', 'Especialista', 59390, CURRENT_DATE - integer '443', 'activo');
INSERT INTO public.empleados (id, empresa_id, usuario_id, nombre, cedula, email, telefono, area, cargo, salario_base, fecha_contrato, estado) VALUES ('ff7e29d5-fb5e-4266-8445-46e8050bc064', '207bf963-c85e-4525-978e-a186455be7cd', '0995dd4a-c10d-4d43-98da-97adb7379197', 'Usuario empleado 4', '001-7414808-2', 'emp3@test.com', '809-555-3272', 'RRHH', 'Especialista', 62915, CURRENT_DATE - integer '827', 'activo');
INSERT INTO public.empleados (id, empresa_id, usuario_id, nombre, cedula, email, telefono, area, cargo, salario_base, fecha_contrato, estado) VALUES ('7fbded95-d9d0-4d09-8bdb-d5441a80c9be', '46f71144-7c40-43db-9bc7-f55961dd30cd', '8da403ce-76b3-4c83-bc23-d83b3f66b80d', 'Usuario admin 1', '001-2338094-1', 'emp0@test.com', '809-555-1859', 'IT', 'Gerente', 62511, CURRENT_DATE - integer '106', 'activo');
INSERT INTO public.empleados (id, empresa_id, usuario_id, nombre, cedula, email, telefono, area, cargo, salario_base, fecha_contrato, estado) VALUES ('257123d7-163a-46da-91c0-b01a69bf87f0', '46f71144-7c40-43db-9bc7-f55961dd30cd', '0f724f4f-7079-4785-9f0a-005e6f5700dc', 'Usuario empleado 2', '001-1861897-3', 'emp1@test.com', '809-555-4602', 'Ventas', 'Especialista', 149665, CURRENT_DATE - integer '951', 'activo');
INSERT INTO public.empleados (id, empresa_id, usuario_id, nombre, cedula, email, telefono, area, cargo, salario_base, fecha_contrato, estado) VALUES ('0b46d630-9cba-476c-a711-cfeeecfb64ba', '46f71144-7c40-43db-9bc7-f55961dd30cd', 'a37b5ff1-84e8-4ab0-8d26-41384a161135', 'Usuario empleado 3', '001-9325568-9', 'emp2@test.com', '809-555-5107', 'RRHH', 'Especialista', 46326, CURRENT_DATE - integer '787', 'activo');
INSERT INTO public.empleados (id, empresa_id, usuario_id, nombre, cedula, email, telefono, area, cargo, salario_base, fecha_contrato, estado) VALUES ('d21d52fa-1a83-4024-b60b-12d641b6f821', '46f71144-7c40-43db-9bc7-f55961dd30cd', 'a6b9c66c-f449-4529-ba57-8022d6efce63', 'Usuario empleado 4', '001-6014627-8', 'emp3@test.com', '809-555-6843', 'RRHH', 'Especialista', 25528, CURRENT_DATE - integer '233', 'activo');
-- CONDUCTORES
INSERT INTO public.conductores (id, empresa_id, empleado_id, numero_licencia, tipo_vehiculo, placa_vehiculo, activo) VALUES ('7efd3619-4180-47cd-8808-020116037b82', '207bf963-c85e-4525-978e-a186455be7cd', '53dd70fb-2901-461f-b6bf-5b58cc407122', 'LIC-40220', 'Furgoneta', 'L675207', true);
INSERT INTO public.conductores (id, empresa_id, empleado_id, numero_licencia, tipo_vehiculo, placa_vehiculo, activo) VALUES ('3186d3f9-ba6b-4876-972f-fc311232abe4', '207bf963-c85e-4525-978e-a186455be7cd', 'dbacd678-5dfa-4b13-92d3-2a044cee0ca5', 'LIC-88861', 'Camión', 'L277143', true);
INSERT INTO public.conductores (id, empresa_id, empleado_id, numero_licencia, tipo_vehiculo, placa_vehiculo, activo) VALUES ('a1c954b7-bd9d-4e98-b213-e9776b50898e', '46f71144-7c40-43db-9bc7-f55961dd30cd', '7fbded95-d9d0-4d09-8bdb-d5441a80c9be', 'LIC-33998', 'Camión', 'L565699', true);
INSERT INTO public.conductores (id, empresa_id, empleado_id, numero_licencia, tipo_vehiculo, placa_vehiculo, activo) VALUES ('5a4c7ae0-b416-40c8-943e-13b4de2895d9', '46f71144-7c40-43db-9bc7-f55961dd30cd', '257123d7-163a-46da-91c0-b01a69bf87f0', 'LIC-76891', 'Motocicleta', 'L723497', true);
-- CATEGORIAS
INSERT INTO public.categorias_producto (id, empresa_id, nombre, descripcion) VALUES ('f937003b-5bf1-4aa1-b529-72f834f2e464', '207bf963-c85e-4525-978e-a186455be7cd', 'Electrónica', 'Descripción de Electrónica');
INSERT INTO public.categorias_producto (id, empresa_id, nombre, descripcion) VALUES ('abd8bfef-fe3d-48f4-87f7-abc3364a7e30', '207bf963-c85e-4525-978e-a186455be7cd', 'Hogar', 'Descripción de Hogar');
INSERT INTO public.categorias_producto (id, empresa_id, nombre, descripcion) VALUES ('c6ab17d0-6e37-4e0e-bd5c-55ef965c51c7', '207bf963-c85e-4525-978e-a186455be7cd', 'Alimentos', 'Descripción de Alimentos');
INSERT INTO public.categorias_producto (id, empresa_id, nombre, descripcion) VALUES ('8249a558-379d-4ad9-92b4-2d85b378a4e1', '207bf963-c85e-4525-978e-a186455be7cd', 'Bebidas', 'Descripción de Bebidas');
INSERT INTO public.categorias_producto (id, empresa_id, nombre, descripcion) VALUES ('a26ac975-0d83-468e-b247-1b444e928779', '207bf963-c85e-4525-978e-a186455be7cd', 'Ropa', 'Descripción de Ropa');
INSERT INTO public.categorias_producto (id, empresa_id, nombre, descripcion) VALUES ('efff51bd-79c5-42c2-a9ec-03678a861206', '207bf963-c85e-4525-978e-a186455be7cd', 'Herramientas', 'Descripción de Herramientas');
INSERT INTO public.categorias_producto (id, empresa_id, nombre, descripcion) VALUES ('bcb70c57-219a-464d-86f8-64755b3ccc51', '46f71144-7c40-43db-9bc7-f55961dd30cd', 'Electrónica', 'Descripción de Electrónica');
INSERT INTO public.categorias_producto (id, empresa_id, nombre, descripcion) VALUES ('e6de5d8b-551e-4d9c-a53a-fdabea463b95', '46f71144-7c40-43db-9bc7-f55961dd30cd', 'Hogar', 'Descripción de Hogar');
INSERT INTO public.categorias_producto (id, empresa_id, nombre, descripcion) VALUES ('37a45410-c537-40eb-ab77-ddc0714c1e16', '46f71144-7c40-43db-9bc7-f55961dd30cd', 'Alimentos', 'Descripción de Alimentos');
INSERT INTO public.categorias_producto (id, empresa_id, nombre, descripcion) VALUES ('d63bf6a3-f55d-419a-affc-e8af5d65479d', '46f71144-7c40-43db-9bc7-f55961dd30cd', 'Bebidas', 'Descripción de Bebidas');
INSERT INTO public.categorias_producto (id, empresa_id, nombre, descripcion) VALUES ('02cd8ca5-89ab-4c41-9df2-0ae8dfced9c9', '46f71144-7c40-43db-9bc7-f55961dd30cd', 'Ropa', 'Descripción de Ropa');
INSERT INTO public.categorias_producto (id, empresa_id, nombre, descripcion) VALUES ('1bd611ae-b313-4785-a38a-ca0faf2d3a6a', '46f71144-7c40-43db-9bc7-f55961dd30cd', 'Herramientas', 'Descripción de Herramientas');
-- PRODUCTOS
INSERT INTO public.productos (id, empresa_id, categoria_id, nombre, descripcion, codigo, precio_costo, precio_venta, stock_actual, stock_minimo) VALUES ('953006fd-67b6-434d-a39d-96e7b877afea', '207bf963-c85e-4525-978e-a186455be7cd', 'a26ac975-0d83-468e-b247-1b444e928779', 'Producto 1', 'Descripción del producto 1', 'PRD-8289', 264, 369.59999999999997, 157, 10);
INSERT INTO public.productos (id, empresa_id, categoria_id, nombre, descripcion, codigo, precio_costo, precio_venta, stock_actual, stock_minimo) VALUES ('d369987d-a505-452f-86ad-a93a8d74035d', '207bf963-c85e-4525-978e-a186455be7cd', 'a26ac975-0d83-468e-b247-1b444e928779', 'Producto 2', 'Descripción del producto 2', 'PRD-7523', 230, 322, 495, 10);
INSERT INTO public.productos (id, empresa_id, categoria_id, nombre, descripcion, codigo, precio_costo, precio_venta, stock_actual, stock_minimo) VALUES ('a55474c5-af80-4183-a07d-eb47f9195df3', '207bf963-c85e-4525-978e-a186455be7cd', '8249a558-379d-4ad9-92b4-2d85b378a4e1', 'Producto 3', 'Descripción del producto 3', 'PRD-3505', 326, 433.58000000000004, 425, 10);
INSERT INTO public.productos (id, empresa_id, categoria_id, nombre, descripcion, codigo, precio_costo, precio_venta, stock_actual, stock_minimo) VALUES ('981faef0-248b-4e1b-85d9-87f1771543ff', '207bf963-c85e-4525-978e-a186455be7cd', '8249a558-379d-4ad9-92b4-2d85b378a4e1', 'Producto 4', 'Descripción del producto 4', 'PRD-9645', 871, 1106.17, 52, 10);
INSERT INTO public.productos (id, empresa_id, categoria_id, nombre, descripcion, codigo, precio_costo, precio_venta, stock_actual, stock_minimo) VALUES ('129bfc37-d643-4db1-986a-a35c1b38e133', '207bf963-c85e-4525-978e-a186455be7cd', 'abd8bfef-fe3d-48f4-87f7-abc3364a7e30', 'Producto 5', 'Descripción del producto 5', 'PRD-7839', 620, 892.8, 470, 10);
INSERT INTO public.productos (id, empresa_id, categoria_id, nombre, descripcion, codigo, precio_costo, precio_venta, stock_actual, stock_minimo) VALUES ('43e6ef6e-cefd-45d0-afba-d752523c9364', '207bf963-c85e-4525-978e-a186455be7cd', 'efff51bd-79c5-42c2-a9ec-03678a861206', 'Producto 6', 'Descripción del producto 6', 'PRD-8171', 585, 754.65, 187, 10);
INSERT INTO public.productos (id, empresa_id, categoria_id, nombre, descripcion, codigo, precio_costo, precio_venta, stock_actual, stock_minimo) VALUES ('a4f0f2bb-b9cb-4572-88cd-921449746adb', '207bf963-c85e-4525-978e-a186455be7cd', 'abd8bfef-fe3d-48f4-87f7-abc3364a7e30', 'Producto 7', 'Descripción del producto 7', 'PRD-1753', 515, 623.15, 433, 10);
INSERT INTO public.productos (id, empresa_id, categoria_id, nombre, descripcion, codigo, precio_costo, precio_venta, stock_actual, stock_minimo) VALUES ('a1a5be59-d22f-47a7-8fb3-1d516252ee36', '207bf963-c85e-4525-978e-a186455be7cd', 'abd8bfef-fe3d-48f4-87f7-abc3364a7e30', 'Producto 8', 'Descripción del producto 8', 'PRD-3872', 166, 222.44000000000003, 477, 10);
INSERT INTO public.productos (id, empresa_id, categoria_id, nombre, descripcion, codigo, precio_costo, precio_venta, stock_actual, stock_minimo) VALUES ('65bdafa1-451e-427e-bde2-e2a40038835d', '207bf963-c85e-4525-978e-a186455be7cd', '8249a558-379d-4ad9-92b4-2d85b378a4e1', 'Producto 9', 'Descripción del producto 9', 'PRD-9841', 820, 1016.8, 86, 10);
INSERT INTO public.productos (id, empresa_id, categoria_id, nombre, descripcion, codigo, precio_costo, precio_venta, stock_actual, stock_minimo) VALUES ('4ff47e83-a66a-4e96-a2af-100a9d582af6', '207bf963-c85e-4525-978e-a186455be7cd', 'efff51bd-79c5-42c2-a9ec-03678a861206', 'Producto 10', 'Descripción del producto 10', 'PRD-5548', 517, 770.33, 233, 10);
INSERT INTO public.productos (id, empresa_id, categoria_id, nombre, descripcion, codigo, precio_costo, precio_venta, stock_actual, stock_minimo) VALUES ('446de949-f147-4b5b-bd89-5a18aa545afb', '207bf963-c85e-4525-978e-a186455be7cd', 'abd8bfef-fe3d-48f4-87f7-abc3364a7e30', 'Producto 11', 'Descripción del producto 11', 'PRD-7937', 287, 347.27, 92, 10);
INSERT INTO public.productos (id, empresa_id, categoria_id, nombre, descripcion, codigo, precio_costo, precio_venta, stock_actual, stock_minimo) VALUES ('6e6006f2-6768-4494-a915-94643eeb8b68', '207bf963-c85e-4525-978e-a186455be7cd', 'c6ab17d0-6e37-4e0e-bd5c-55ef965c51c7', 'Producto 12', 'Descripción del producto 12', 'PRD-4886', 571, 822.24, 361, 10);
INSERT INTO public.productos (id, empresa_id, categoria_id, nombre, descripcion, codigo, precio_costo, precio_venta, stock_actual, stock_minimo) VALUES ('7e698489-e7f4-4ecb-bddc-50a99c8b4943', '207bf963-c85e-4525-978e-a186455be7cd', 'c6ab17d0-6e37-4e0e-bd5c-55ef965c51c7', 'Producto 13', 'Descripción del producto 13', 'PRD-6229', 532, 707.5600000000001, 409, 10);
INSERT INTO public.productos (id, empresa_id, categoria_id, nombre, descripcion, codigo, precio_costo, precio_venta, stock_actual, stock_minimo) VALUES ('df81344d-9ca5-48fe-9573-e94b014168dd', '207bf963-c85e-4525-978e-a186455be7cd', 'a26ac975-0d83-468e-b247-1b444e928779', 'Producto 14', 'Descripción del producto 14', 'PRD-1659', 943, 1169.32, 77, 10);
INSERT INTO public.productos (id, empresa_id, categoria_id, nombre, descripcion, codigo, precio_costo, precio_venta, stock_actual, stock_minimo) VALUES ('8bdf8226-140b-4c04-bb23-659bdd89bbfc', '207bf963-c85e-4525-978e-a186455be7cd', 'a26ac975-0d83-468e-b247-1b444e928779', 'Producto 15', 'Descripción del producto 15', 'PRD-5777', 959, 1390.55, 240, 10);
INSERT INTO public.productos (id, empresa_id, categoria_id, nombre, descripcion, codigo, precio_costo, precio_venta, stock_actual, stock_minimo) VALUES ('a21d9d34-08b8-452f-8947-7369ecd3c263', '207bf963-c85e-4525-978e-a186455be7cd', 'efff51bd-79c5-42c2-a9ec-03678a861206', 'Producto 16', 'Descripción del producto 16', 'PRD-9652', 63, 85.05000000000001, 80, 10);
INSERT INTO public.productos (id, empresa_id, categoria_id, nombre, descripcion, codigo, precio_costo, precio_venta, stock_actual, stock_minimo) VALUES ('9adb10c8-b306-4103-b480-8af4571919fb', '207bf963-c85e-4525-978e-a186455be7cd', 'abd8bfef-fe3d-48f4-87f7-abc3364a7e30', 'Producto 17', 'Descripción del producto 17', 'PRD-7508', 209, 305.14, 340, 10);
INSERT INTO public.productos (id, empresa_id, categoria_id, nombre, descripcion, codigo, precio_costo, precio_venta, stock_actual, stock_minimo) VALUES ('87ec4c25-90d8-4433-a6ad-9e794ac98821', '207bf963-c85e-4525-978e-a186455be7cd', 'efff51bd-79c5-42c2-a9ec-03678a861206', 'Producto 18', 'Descripción del producto 18', 'PRD-5119', 591, 744.66, 33, 10);
INSERT INTO public.productos (id, empresa_id, categoria_id, nombre, descripcion, codigo, precio_costo, precio_venta, stock_actual, stock_minimo) VALUES ('8e5a20cd-2368-4f7e-8b24-6d50de0d35cb', '207bf963-c85e-4525-978e-a186455be7cd', 'efff51bd-79c5-42c2-a9ec-03678a861206', 'Producto 19', 'Descripción del producto 19', 'PRD-1526', 681, 987.4499999999999, 446, 10);
INSERT INTO public.productos (id, empresa_id, categoria_id, nombre, descripcion, codigo, precio_costo, precio_venta, stock_actual, stock_minimo) VALUES ('909bea85-0d65-4514-acb8-4aaf6b7b40fd', '207bf963-c85e-4525-978e-a186455be7cd', 'a26ac975-0d83-468e-b247-1b444e928779', 'Producto 20', 'Descripción del producto 20', 'PRD-5768', 977, 1416.6499999999999, 186, 10);
INSERT INTO public.productos (id, empresa_id, categoria_id, nombre, descripcion, codigo, precio_costo, precio_venta, stock_actual, stock_minimo) VALUES ('5a712694-c630-4b22-92c5-aa3aec7a8d7f', '46f71144-7c40-43db-9bc7-f55961dd30cd', '1bd611ae-b313-4785-a38a-ca0faf2d3a6a', 'Producto 1', 'Descripción del producto 1', 'PRD-5744', 816, 1215.84, 443, 10);
INSERT INTO public.productos (id, empresa_id, categoria_id, nombre, descripcion, codigo, precio_costo, precio_venta, stock_actual, stock_minimo) VALUES ('28393d5a-8982-4308-a852-f3ee57823263', '46f71144-7c40-43db-9bc7-f55961dd30cd', 'e6de5d8b-551e-4d9c-a53a-fdabea463b95', 'Producto 2', 'Descripción del producto 2', 'PRD-5228', 333, 476.19, 61, 10);
INSERT INTO public.productos (id, empresa_id, categoria_id, nombre, descripcion, codigo, precio_costo, precio_venta, stock_actual, stock_minimo) VALUES ('ac47dd37-8472-4e87-84f5-1679217cecc5', '46f71144-7c40-43db-9bc7-f55961dd30cd', 'bcb70c57-219a-464d-86f8-64755b3ccc51', 'Producto 3', 'Descripción del producto 3', 'PRD-1045', 436, 640.92, 0, 10);
INSERT INTO public.productos (id, empresa_id, categoria_id, nombre, descripcion, codigo, precio_costo, precio_venta, stock_actual, stock_minimo) VALUES ('aee19d0f-d394-42a1-b19e-9ab644e05fc9', '46f71144-7c40-43db-9bc7-f55961dd30cd', '02cd8ca5-89ab-4c41-9df2-0ae8dfced9c9', 'Producto 4', 'Descripción del producto 4', 'PRD-2721', 55, 72.60000000000001, 158, 10);
INSERT INTO public.productos (id, empresa_id, categoria_id, nombre, descripcion, codigo, precio_costo, precio_venta, stock_actual, stock_minimo) VALUES ('61424f51-0434-480a-bdd0-654e5cb4be91', '46f71144-7c40-43db-9bc7-f55961dd30cd', 'e6de5d8b-551e-4d9c-a53a-fdabea463b95', 'Producto 5', 'Descripción del producto 5', 'PRD-4847', 510, 647.7, 468, 10);
INSERT INTO public.productos (id, empresa_id, categoria_id, nombre, descripcion, codigo, precio_costo, precio_venta, stock_actual, stock_minimo) VALUES ('db4a3a7f-7ac8-4303-8ec4-0222fdf8fa1f', '46f71144-7c40-43db-9bc7-f55961dd30cd', 'e6de5d8b-551e-4d9c-a53a-fdabea463b95', 'Producto 6', 'Descripción del producto 6', 'PRD-8186', 219, 291.27000000000004, 151, 10);
INSERT INTO public.productos (id, empresa_id, categoria_id, nombre, descripcion, codigo, precio_costo, precio_venta, stock_actual, stock_minimo) VALUES ('67e6fb80-2ca0-4297-af88-db6efc2d0180', '46f71144-7c40-43db-9bc7-f55961dd30cd', '1bd611ae-b313-4785-a38a-ca0faf2d3a6a', 'Producto 7', 'Descripción del producto 7', 'PRD-1424', 206, 276.04, 146, 10);
INSERT INTO public.productos (id, empresa_id, categoria_id, nombre, descripcion, codigo, precio_costo, precio_venta, stock_actual, stock_minimo) VALUES ('e83ca89e-a18b-4899-89c2-ae46b6384c8e', '46f71144-7c40-43db-9bc7-f55961dd30cd', 'd63bf6a3-f55d-419a-affc-e8af5d65479d', 'Producto 8', 'Descripción del producto 8', 'PRD-2235', 384, 491.52, 496, 10);
INSERT INTO public.productos (id, empresa_id, categoria_id, nombre, descripcion, codigo, precio_costo, precio_venta, stock_actual, stock_minimo) VALUES ('52b7c671-ccf3-452c-8a18-eaf63e0c99d9', '46f71144-7c40-43db-9bc7-f55961dd30cd', '37a45410-c537-40eb-ab77-ddc0714c1e16', 'Producto 9', 'Descripción del producto 9', 'PRD-1104', 269, 347.01, 309, 10);
INSERT INTO public.productos (id, empresa_id, categoria_id, nombre, descripcion, codigo, precio_costo, precio_venta, stock_actual, stock_minimo) VALUES ('a40f80c5-0e06-42ad-9160-f7df48bb3b70', '46f71144-7c40-43db-9bc7-f55961dd30cd', 'd63bf6a3-f55d-419a-affc-e8af5d65479d', 'Producto 10', 'Descripción del producto 10', 'PRD-8013', 740, 954.6, 130, 10);
INSERT INTO public.productos (id, empresa_id, categoria_id, nombre, descripcion, codigo, precio_costo, precio_venta, stock_actual, stock_minimo) VALUES ('5814a3c5-8d99-463c-8add-73c2e18a0346', '46f71144-7c40-43db-9bc7-f55961dd30cd', 'bcb70c57-219a-464d-86f8-64755b3ccc51', 'Producto 11', 'Descripción del producto 11', 'PRD-7745', 559, 838.5, 274, 10);
INSERT INTO public.productos (id, empresa_id, categoria_id, nombre, descripcion, codigo, precio_costo, precio_venta, stock_actual, stock_minimo) VALUES ('8a44ca95-b1b6-4613-a5fe-5d301402e19a', '46f71144-7c40-43db-9bc7-f55961dd30cd', 'e6de5d8b-551e-4d9c-a53a-fdabea463b95', 'Producto 12', 'Descripción del producto 12', 'PRD-5819', 860, 1109.4, 125, 10);
INSERT INTO public.productos (id, empresa_id, categoria_id, nombre, descripcion, codigo, precio_costo, precio_venta, stock_actual, stock_minimo) VALUES ('e7803369-d98b-45c5-a4b7-63854268bea2', '46f71144-7c40-43db-9bc7-f55961dd30cd', 'e6de5d8b-551e-4d9c-a53a-fdabea463b95', 'Producto 13', 'Descripción del producto 13', 'PRD-5901', 425, 637.5, 249, 10);
INSERT INTO public.productos (id, empresa_id, categoria_id, nombre, descripcion, codigo, precio_costo, precio_venta, stock_actual, stock_minimo) VALUES ('0dcd244c-8902-44a8-84da-cb4c4a4dbca7', '46f71144-7c40-43db-9bc7-f55961dd30cd', 'e6de5d8b-551e-4d9c-a53a-fdabea463b95', 'Producto 14', 'Descripción del producto 14', 'PRD-3902', 85, 118.99999999999999, 88, 10);
INSERT INTO public.productos (id, empresa_id, categoria_id, nombre, descripcion, codigo, precio_costo, precio_venta, stock_actual, stock_minimo) VALUES ('80835522-ebca-4012-aa43-26cab5c5ef06', '46f71144-7c40-43db-9bc7-f55961dd30cd', 'e6de5d8b-551e-4d9c-a53a-fdabea463b95', 'Producto 15', 'Descripción del producto 15', 'PRD-1620', 651, 930.93, 486, 10);
INSERT INTO public.productos (id, empresa_id, categoria_id, nombre, descripcion, codigo, precio_costo, precio_venta, stock_actual, stock_minimo) VALUES ('ea7c3dde-12f5-4d27-a4f5-a12ea21fcf89', '46f71144-7c40-43db-9bc7-f55961dd30cd', 'bcb70c57-219a-464d-86f8-64755b3ccc51', 'Producto 16', 'Descripción del producto 16', 'PRD-8706', 523, 674.6700000000001, 270, 10);
INSERT INTO public.productos (id, empresa_id, categoria_id, nombre, descripcion, codigo, precio_costo, precio_venta, stock_actual, stock_minimo) VALUES ('23df18a8-2aa4-4633-8ac5-ad2fbf0e5e6f', '46f71144-7c40-43db-9bc7-f55961dd30cd', 'd63bf6a3-f55d-419a-affc-e8af5d65479d', 'Producto 17', 'Descripción del producto 17', 'PRD-5090', 541, 670.84, 297, 10);
INSERT INTO public.productos (id, empresa_id, categoria_id, nombre, descripcion, codigo, precio_costo, precio_venta, stock_actual, stock_minimo) VALUES ('c06c71a3-8671-4ff5-869e-a4b272951031', '46f71144-7c40-43db-9bc7-f55961dd30cd', '02cd8ca5-89ab-4c41-9df2-0ae8dfced9c9', 'Producto 18', 'Descripción del producto 18', 'PRD-9380', 846, 1192.86, 158, 10);
INSERT INTO public.productos (id, empresa_id, categoria_id, nombre, descripcion, codigo, precio_costo, precio_venta, stock_actual, stock_minimo) VALUES ('1f6be8d3-ac32-4f31-93c9-62e75cfc199e', '46f71144-7c40-43db-9bc7-f55961dd30cd', 'd63bf6a3-f55d-419a-affc-e8af5d65479d', 'Producto 19', 'Descripción del producto 19', 'PRD-5121', 940, 1165.6, 276, 10);
INSERT INTO public.productos (id, empresa_id, categoria_id, nombre, descripcion, codigo, precio_costo, precio_venta, stock_actual, stock_minimo) VALUES ('c5d59ae0-4f64-4ab3-a082-369b097eb88e', '46f71144-7c40-43db-9bc7-f55961dd30cd', 'bcb70c57-219a-464d-86f8-64755b3ccc51', 'Producto 20', 'Descripción del producto 20', 'PRD-6022', 52, 64.48, 458, 10);
-- CLIENTES
INSERT INTO public.clientes (id, empresa_id, nombre, rnc, tipo, clasificacion, contacto_telefono) VALUES ('d6d4a5d4-fdec-47ed-bbc0-22aed134cffa', '207bf963-c85e-4525-978e-a186455be7cd', 'Cliente 1', '402-3526252-1', 'gobierno', 'vip', '829-555-2769');
INSERT INTO public.clientes (id, empresa_id, nombre, rnc, tipo, clasificacion, contacto_telefono) VALUES ('2213e2e3-ca55-4dc1-b46b-cc0c569ba06b', '207bf963-c85e-4525-978e-a186455be7cd', 'Cliente 2', '402-4935552-5', 'mayorista', 'vip', '829-555-4722');
INSERT INTO public.clientes (id, empresa_id, nombre, rnc, tipo, clasificacion, contacto_telefono) VALUES ('40d52167-5c5f-409d-9ffd-763b41e1eb90', '207bf963-c85e-4525-978e-a186455be7cd', 'Cliente 3', '402-6763144-2', 'minorista', 'nuevo', '829-555-7790');
INSERT INTO public.clientes (id, empresa_id, nombre, rnc, tipo, clasificacion, contacto_telefono) VALUES ('7b515735-9796-499b-9124-f4002b316abb', '207bf963-c85e-4525-978e-a186455be7cd', 'Cliente 4', '402-9472381-2', 'minorista', 'nuevo', '829-555-8551');
INSERT INTO public.clientes (id, empresa_id, nombre, rnc, tipo, clasificacion, contacto_telefono) VALUES ('7492878f-aa0e-4d1c-a3a1-ddc6e9e5e590', '207bf963-c85e-4525-978e-a186455be7cd', 'Cliente 5', '402-9754448-1', 'minorista', 'activo', '829-555-6826');
INSERT INTO public.clientes (id, empresa_id, nombre, rnc, tipo, clasificacion, contacto_telefono) VALUES ('66791026-be28-49f6-8424-96b3fa6d068c', '207bf963-c85e-4525-978e-a186455be7cd', 'Cliente 6', '402-5934865-6', 'minorista', 'nuevo', '829-555-4786');
INSERT INTO public.clientes (id, empresa_id, nombre, rnc, tipo, clasificacion, contacto_telefono) VALUES ('a91992d2-201e-4625-baec-de2d5fd9a532', '207bf963-c85e-4525-978e-a186455be7cd', 'Cliente 7', '402-1885630-9', 'minorista', 'vip', '829-555-7788');
INSERT INTO public.clientes (id, empresa_id, nombre, rnc, tipo, clasificacion, contacto_telefono) VALUES ('a90d5d06-d87b-4bd6-9a65-81296fad7957', '207bf963-c85e-4525-978e-a186455be7cd', 'Cliente 8', '402-3970212-6', 'minorista', 'vip', '829-555-5801');
INSERT INTO public.clientes (id, empresa_id, nombre, rnc, tipo, clasificacion, contacto_telefono) VALUES ('edbc0293-a482-45ce-8970-29e1fe04917d', '207bf963-c85e-4525-978e-a186455be7cd', 'Cliente 9', '402-2240367-9', 'gobierno', 'nuevo', '829-555-8601');
INSERT INTO public.clientes (id, empresa_id, nombre, rnc, tipo, clasificacion, contacto_telefono) VALUES ('6e58cfb6-5560-4f3a-af56-64fff8996db8', '207bf963-c85e-4525-978e-a186455be7cd', 'Cliente 10', '402-6853678-7', 'gobierno', 'activo', '829-555-2570');
INSERT INTO public.clientes (id, empresa_id, nombre, rnc, tipo, clasificacion, contacto_telefono) VALUES ('cbef12e3-ab31-47c5-80a1-47e71643c608', '207bf963-c85e-4525-978e-a186455be7cd', 'Cliente 11', '402-2531336-7', 'mayorista', 'vip', '829-555-3994');
INSERT INTO public.clientes (id, empresa_id, nombre, rnc, tipo, clasificacion, contacto_telefono) VALUES ('90aa1083-921a-40a8-bed4-fefded8818d8', '207bf963-c85e-4525-978e-a186455be7cd', 'Cliente 12', '402-3266122-0', 'mayorista', 'nuevo', '829-555-1722');
INSERT INTO public.clientes (id, empresa_id, nombre, rnc, tipo, clasificacion, contacto_telefono) VALUES ('f6374b84-022e-4a34-8d83-983f15e1e1be', '207bf963-c85e-4525-978e-a186455be7cd', 'Cliente 13', '402-7864839-2', 'mayorista', 'vip', '829-555-3250');
INSERT INTO public.clientes (id, empresa_id, nombre, rnc, tipo, clasificacion, contacto_telefono) VALUES ('372402b5-28fe-415b-a179-f1423a2988da', '207bf963-c85e-4525-978e-a186455be7cd', 'Cliente 14', '402-7194029-2', 'mayorista', 'nuevo', '829-555-4613');
INSERT INTO public.clientes (id, empresa_id, nombre, rnc, tipo, clasificacion, contacto_telefono) VALUES ('9daff078-e817-45c2-ab5a-60017ba3f11f', '207bf963-c85e-4525-978e-a186455be7cd', 'Cliente 15', '402-1500165-0', 'gobierno', 'nuevo', '829-555-2475');
INSERT INTO public.clientes (id, empresa_id, nombre, rnc, tipo, clasificacion, contacto_telefono) VALUES ('34de18ed-d113-401c-8593-f58af37195aa', '46f71144-7c40-43db-9bc7-f55961dd30cd', 'Cliente 1', '402-3800518-1', 'mayorista', 'vip', '829-555-4669');
INSERT INTO public.clientes (id, empresa_id, nombre, rnc, tipo, clasificacion, contacto_telefono) VALUES ('24c82344-a7cb-421d-894a-d362aaf6c673', '46f71144-7c40-43db-9bc7-f55961dd30cd', 'Cliente 2', '402-5352713-2', 'gobierno', 'nuevo', '829-555-6643');
INSERT INTO public.clientes (id, empresa_id, nombre, rnc, tipo, clasificacion, contacto_telefono) VALUES ('cc735f0c-5e2c-4cb7-9fc0-d931d4e4ff80', '46f71144-7c40-43db-9bc7-f55961dd30cd', 'Cliente 3', '402-2877086-0', 'minorista', 'activo', '829-555-8230');
INSERT INTO public.clientes (id, empresa_id, nombre, rnc, tipo, clasificacion, contacto_telefono) VALUES ('7b6da2f8-d236-41e2-9a53-32406f347dc2', '46f71144-7c40-43db-9bc7-f55961dd30cd', 'Cliente 4', '402-2504208-9', 'mayorista', 'nuevo', '829-555-8622');
INSERT INTO public.clientes (id, empresa_id, nombre, rnc, tipo, clasificacion, contacto_telefono) VALUES ('bc7b2d24-d7fd-448b-afda-e15f7d35a367', '46f71144-7c40-43db-9bc7-f55961dd30cd', 'Cliente 5', '402-5413822-7', 'gobierno', 'nuevo', '829-555-5738');
INSERT INTO public.clientes (id, empresa_id, nombre, rnc, tipo, clasificacion, contacto_telefono) VALUES ('1f568829-45a2-4f62-bc23-4376ecafb11c', '46f71144-7c40-43db-9bc7-f55961dd30cd', 'Cliente 6', '402-7800562-5', 'gobierno', 'vip', '829-555-7815');
INSERT INTO public.clientes (id, empresa_id, nombre, rnc, tipo, clasificacion, contacto_telefono) VALUES ('30c6bedc-070f-482c-a406-31468ec13e16', '46f71144-7c40-43db-9bc7-f55961dd30cd', 'Cliente 7', '402-7789487-3', 'mayorista', 'vip', '829-555-5348');
INSERT INTO public.clientes (id, empresa_id, nombre, rnc, tipo, clasificacion, contacto_telefono) VALUES ('3729279a-38de-452b-b7b3-99ac580595c5', '46f71144-7c40-43db-9bc7-f55961dd30cd', 'Cliente 8', '402-3012353-6', 'gobierno', 'activo', '829-555-1694');
INSERT INTO public.clientes (id, empresa_id, nombre, rnc, tipo, clasificacion, contacto_telefono) VALUES ('bf10bd76-c258-44a9-b20a-d5548baad4a2', '46f71144-7c40-43db-9bc7-f55961dd30cd', 'Cliente 9', '402-6850774-8', 'minorista', 'nuevo', '829-555-7747');
INSERT INTO public.clientes (id, empresa_id, nombre, rnc, tipo, clasificacion, contacto_telefono) VALUES ('6431f43e-1db9-4fac-967c-3d954fd5001c', '46f71144-7c40-43db-9bc7-f55961dd30cd', 'Cliente 10', '402-7172155-4', 'gobierno', 'activo', '829-555-5908');
INSERT INTO public.clientes (id, empresa_id, nombre, rnc, tipo, clasificacion, contacto_telefono) VALUES ('4ee87aee-9ffc-4ce5-8d03-5a57173b89ec', '46f71144-7c40-43db-9bc7-f55961dd30cd', 'Cliente 11', '402-8595935-0', 'mayorista', 'activo', '829-555-8796');
INSERT INTO public.clientes (id, empresa_id, nombre, rnc, tipo, clasificacion, contacto_telefono) VALUES ('c37f277d-a291-4473-b40e-81bb6d1a7eca', '46f71144-7c40-43db-9bc7-f55961dd30cd', 'Cliente 12', '402-2197762-6', 'mayorista', 'activo', '829-555-8785');
INSERT INTO public.clientes (id, empresa_id, nombre, rnc, tipo, clasificacion, contacto_telefono) VALUES ('cb5286b2-019d-4e4e-a22d-4a126908a1c2', '46f71144-7c40-43db-9bc7-f55961dd30cd', 'Cliente 13', '402-6589967-2', 'gobierno', 'nuevo', '829-555-8513');
INSERT INTO public.clientes (id, empresa_id, nombre, rnc, tipo, clasificacion, contacto_telefono) VALUES ('d119dd7c-c245-4c00-ba12-4f0b6e947161', '46f71144-7c40-43db-9bc7-f55961dd30cd', 'Cliente 14', '402-8200805-1', 'gobierno', 'vip', '829-555-2763');
INSERT INTO public.clientes (id, empresa_id, nombre, rnc, tipo, clasificacion, contacto_telefono) VALUES ('58c670a0-c87e-414f-8a1d-c0c08cff49ad', '46f71144-7c40-43db-9bc7-f55961dd30cd', 'Cliente 15', '402-2237139-3', 'minorista', 'activo', '829-555-4108');
-- PROVEEDORES
INSERT INTO public.proveedores (id, empresa_id, nombre, rnc, rating) VALUES ('eb854ce7-ec7b-4796-8978-1ed257ec6c92', '207bf963-c85e-4525-978e-a186455be7cd', 'Proveedor 1', '130-638348-8', 5);
INSERT INTO public.proveedores (id, empresa_id, nombre, rnc, rating) VALUES ('4f7e40b9-16a3-417a-86fb-d0598acc7f19', '207bf963-c85e-4525-978e-a186455be7cd', 'Proveedor 2', '130-270531-7', 5);
INSERT INTO public.proveedores (id, empresa_id, nombre, rnc, rating) VALUES ('fff4b2f5-5a62-41bb-8b06-0157d30078e5', '207bf963-c85e-4525-978e-a186455be7cd', 'Proveedor 3', '130-644742-2', 5);
INSERT INTO public.proveedores (id, empresa_id, nombre, rnc, rating) VALUES ('95844f5a-fd03-4ef1-a728-8503d0e3cfec', '207bf963-c85e-4525-978e-a186455be7cd', 'Proveedor 4', '130-148443-4', 5);
INSERT INTO public.proveedores (id, empresa_id, nombre, rnc, rating) VALUES ('597f9321-ace6-4f56-af00-695fb228d141', '207bf963-c85e-4525-978e-a186455be7cd', 'Proveedor 5', '130-602274-5', 4);
INSERT INTO public.proveedores (id, empresa_id, nombre, rnc, rating) VALUES ('9340b3b4-eacd-494c-865a-f40f2227c933', '46f71144-7c40-43db-9bc7-f55961dd30cd', 'Proveedor 1', '130-947215-0', 5);
INSERT INTO public.proveedores (id, empresa_id, nombre, rnc, rating) VALUES ('5261ddb1-5e02-44ce-8553-b64b9e494550', '46f71144-7c40-43db-9bc7-f55961dd30cd', 'Proveedor 2', '130-180819-5', 3);
INSERT INTO public.proveedores (id, empresa_id, nombre, rnc, rating) VALUES ('1010cb69-8aef-4775-b93b-db5fd5cdf443', '46f71144-7c40-43db-9bc7-f55961dd30cd', 'Proveedor 3', '130-675432-7', 4);
INSERT INTO public.proveedores (id, empresa_id, nombre, rnc, rating) VALUES ('94115699-e97b-48c0-9bb9-85b703a85d24', '46f71144-7c40-43db-9bc7-f55961dd30cd', 'Proveedor 4', '130-813591-9', 4);
INSERT INTO public.proveedores (id, empresa_id, nombre, rnc, rating) VALUES ('5035dfde-f632-431a-a6cc-2928e1a75d7e', '46f71144-7c40-43db-9bc7-f55961dd30cd', 'Proveedor 5', '130-783047-3', 5);
-- PEDIDOS Y DETALLES
INSERT INTO public.pedidos (id, empresa_id, cliente_id, numero, estado, total, creado_por) VALUES ('929b5458-3896-4ab4-9052-539cf2503c09', '207bf963-c85e-4525-978e-a186455be7cd', '90aa1083-921a-40a8-bed4-fefded8818d8', 'PED-82345', 'entregado', 35032.72, 'd89caccf-822b-4ca4-936b-95e314433039');
INSERT INTO public.detalles_pedido (id, empresa_id, pedido_id, producto_id, cantidad, precio_unitario) VALUES ('290e2de1-4e29-4853-85c1-caa9ca550b67', '207bf963-c85e-4525-978e-a186455be7cd', '929b5458-3896-4ab4-9052-539cf2503c09', '981faef0-248b-4e1b-85d9-87f1771543ff', 6, 1106.17);
INSERT INTO public.detalles_pedido (id, empresa_id, pedido_id, producto_id, cantidad, precio_unitario) VALUES ('2b3b9833-d0fd-4e08-ae8e-fb8c18bdc9e8', '207bf963-c85e-4525-978e-a186455be7cd', '929b5458-3896-4ab4-9052-539cf2503c09', '8bdf8226-140b-4c04-bb23-659bdd89bbfc', 7, 1390.55);
INSERT INTO public.detalles_pedido (id, empresa_id, pedido_id, producto_id, cantidad, precio_unitario) VALUES ('a26eebb9-86d2-46a8-b01d-d507c897fdb7', '207bf963-c85e-4525-978e-a186455be7cd', '929b5458-3896-4ab4-9052-539cf2503c09', '8bdf8226-140b-4c04-bb23-659bdd89bbfc', 7, 1390.55);
INSERT INTO public.detalles_pedido (id, empresa_id, pedido_id, producto_id, cantidad, precio_unitario) VALUES ('6c055c14-20a8-4e2f-ab0e-f1d50b0fd05f', '207bf963-c85e-4525-978e-a186455be7cd', '929b5458-3896-4ab4-9052-539cf2503c09', '129bfc37-d643-4db1-986a-a35c1b38e133', 10, 892.8);
INSERT INTO public.pedidos (id, empresa_id, cliente_id, numero, estado, total, creado_por) VALUES ('8d6c2e5b-a05e-4cd0-b2fd-7f095cae8ad6', '207bf963-c85e-4525-978e-a186455be7cd', 'a91992d2-201e-4625-baec-de2d5fd9a532', 'PED-41639', 'en_ruta', 14435.01, '37914e59-1ccb-48a2-86de-b2663373cb7e');
INSERT INTO public.detalles_pedido (id, empresa_id, pedido_id, producto_id, cantidad, precio_unitario) VALUES ('ef5b51ce-b271-4013-9e95-1eee130156ea', '207bf963-c85e-4525-978e-a186455be7cd', '8d6c2e5b-a05e-4cd0-b2fd-7f095cae8ad6', '43e6ef6e-cefd-45d0-afba-d752523c9364', 16, 754.65);
INSERT INTO public.detalles_pedido (id, empresa_id, pedido_id, producto_id, cantidad, precio_unitario) VALUES ('95b773de-3fa8-4042-aedc-0b7b5be548fd', '207bf963-c85e-4525-978e-a186455be7cd', '8d6c2e5b-a05e-4cd0-b2fd-7f095cae8ad6', '87ec4c25-90d8-4433-a6ad-9e794ac98821', 1, 744.66);
INSERT INTO public.detalles_pedido (id, empresa_id, pedido_id, producto_id, cantidad, precio_unitario) VALUES ('3b233ac2-59fd-4bb0-8a8c-604a0000f76f', '207bf963-c85e-4525-978e-a186455be7cd', '8d6c2e5b-a05e-4cd0-b2fd-7f095cae8ad6', 'a21d9d34-08b8-452f-8947-7369ecd3c263', 19, 85.05000000000001);
INSERT INTO public.pedidos (id, empresa_id, cliente_id, numero, estado, total, creado_por) VALUES ('d3fc27c5-a8f9-4211-9ee9-749118c0b68b', '207bf963-c85e-4525-978e-a186455be7cd', '66791026-be28-49f6-8424-96b3fa6d068c', 'PED-52475', 'en_ruta', 32080.12, '0995dd4a-c10d-4d43-98da-97adb7379197');
INSERT INTO public.detalles_pedido (id, empresa_id, pedido_id, producto_id, cantidad, precio_unitario) VALUES ('6090bd0d-db28-4639-9784-99a86f0b7714', '207bf963-c85e-4525-978e-a186455be7cd', 'd3fc27c5-a8f9-4211-9ee9-749118c0b68b', 'a55474c5-af80-4183-a07d-eb47f9195df3', 14, 433.58000000000004);
INSERT INTO public.detalles_pedido (id, empresa_id, pedido_id, producto_id, cantidad, precio_unitario) VALUES ('a9e67284-819e-48a7-9448-67d61f66f0f2', '207bf963-c85e-4525-978e-a186455be7cd', 'd3fc27c5-a8f9-4211-9ee9-749118c0b68b', 'a21d9d34-08b8-452f-8947-7369ecd3c263', 6, 85.05000000000001);
INSERT INTO public.detalles_pedido (id, empresa_id, pedido_id, producto_id, cantidad, precio_unitario) VALUES ('23493201-df4c-43e4-af78-328011c65566', '207bf963-c85e-4525-978e-a186455be7cd', 'd3fc27c5-a8f9-4211-9ee9-749118c0b68b', '909bea85-0d65-4514-acb8-4aaf6b7b40fd', 18, 1416.6499999999999);
INSERT INTO public.pedidos (id, empresa_id, cliente_id, numero, estado, total, creado_por) VALUES ('e6fbf4c1-42a8-4d0c-b3ae-a32a74030426', '207bf963-c85e-4525-978e-a186455be7cd', '7492878f-aa0e-4d1c-a3a1-ddc6e9e5e590', 'PED-27036', 'borrador', 46702.969999999994, 'd89caccf-822b-4ca4-936b-95e314433039');
INSERT INTO public.detalles_pedido (id, empresa_id, pedido_id, producto_id, cantidad, precio_unitario) VALUES ('70b316c0-9f6d-4657-b26c-167b89456bec', '207bf963-c85e-4525-978e-a186455be7cd', 'e6fbf4c1-42a8-4d0c-b3ae-a32a74030426', 'df81344d-9ca5-48fe-9573-e94b014168dd', 5, 1169.32);
INSERT INTO public.detalles_pedido (id, empresa_id, pedido_id, producto_id, cantidad, precio_unitario) VALUES ('e610ec6a-80bb-48dd-81e0-e654560e62ba', '207bf963-c85e-4525-978e-a186455be7cd', 'e6fbf4c1-42a8-4d0c-b3ae-a32a74030426', 'a55474c5-af80-4183-a07d-eb47f9195df3', 4, 433.58000000000004);
INSERT INTO public.detalles_pedido (id, empresa_id, pedido_id, producto_id, cantidad, precio_unitario) VALUES ('edf8ff6f-ac8d-435e-8214-b34337b5656c', '207bf963-c85e-4525-978e-a186455be7cd', 'e6fbf4c1-42a8-4d0c-b3ae-a32a74030426', '909bea85-0d65-4514-acb8-4aaf6b7b40fd', 13, 1416.6499999999999);
INSERT INTO public.detalles_pedido (id, empresa_id, pedido_id, producto_id, cantidad, precio_unitario) VALUES ('d46bb10f-1fa7-4dfe-8838-0a099e380586', '207bf963-c85e-4525-978e-a186455be7cd', 'e6fbf4c1-42a8-4d0c-b3ae-a32a74030426', '65bdafa1-451e-427e-bde2-e2a40038835d', 20, 1016.8);
INSERT INTO public.detalles_pedido (id, empresa_id, pedido_id, producto_id, cantidad, precio_unitario) VALUES ('31c1fb48-adda-49bc-beac-22e3f46af1ec', '207bf963-c85e-4525-978e-a186455be7cd', 'e6fbf4c1-42a8-4d0c-b3ae-a32a74030426', '953006fd-67b6-434d-a39d-96e7b877afea', 1, 369.59999999999997);
INSERT INTO public.pedidos (id, empresa_id, cliente_id, numero, estado, total, creado_por) VALUES ('5675234d-561d-4853-8f43-62194e5b7ebc', '207bf963-c85e-4525-978e-a186455be7cd', 'a90d5d06-d87b-4bd6-9a65-81296fad7957', 'PED-61678', 'borrador', 2721.77, '37914e59-1ccb-48a2-86de-b2663373cb7e');
INSERT INTO public.detalles_pedido (id, empresa_id, pedido_id, producto_id, cantidad, precio_unitario) VALUES ('49049131-cd3a-4165-bd69-4ab5da492841', '207bf963-c85e-4525-978e-a186455be7cd', '5675234d-561d-4853-8f43-62194e5b7ebc', 'a55474c5-af80-4183-a07d-eb47f9195df3', 4, 433.58000000000004);
INSERT INTO public.detalles_pedido (id, empresa_id, pedido_id, producto_id, cantidad, precio_unitario) VALUES ('a28de6fd-324a-406a-b2bc-98f49e95da79', '207bf963-c85e-4525-978e-a186455be7cd', '5675234d-561d-4853-8f43-62194e5b7ebc', '8e5a20cd-2368-4f7e-8b24-6d50de0d35cb', 1, 987.4499999999999);
INSERT INTO public.pedidos (id, empresa_id, cliente_id, numero, estado, total, creado_por) VALUES ('ca5afc23-553b-43f9-b00e-dfed1681003b', '207bf963-c85e-4525-978e-a186455be7cd', '7b515735-9796-499b-9124-f4002b316abb', 'PED-62141', 'procesado', 9719.36, '76a2e59c-0cd9-4f6f-aa75-dc05fb0b5ad3');
INSERT INTO public.detalles_pedido (id, empresa_id, pedido_id, producto_id, cantidad, precio_unitario) VALUES ('2f6b1a2d-bf70-47bb-bd65-aed5f04bdb4a', '207bf963-c85e-4525-978e-a186455be7cd', 'ca5afc23-553b-43f9-b00e-dfed1681003b', 'd369987d-a505-452f-86ad-a93a8d74035d', 17, 322);
INSERT INTO public.detalles_pedido (id, empresa_id, pedido_id, producto_id, cantidad, precio_unitario) VALUES ('8dd1ba93-b95b-4132-b09c-5d01e97aff0b', '207bf963-c85e-4525-978e-a186455be7cd', 'ca5afc23-553b-43f9-b00e-dfed1681003b', '7e698489-e7f4-4ecb-bddc-50a99c8b4943', 6, 707.5600000000001);
INSERT INTO public.pedidos (id, empresa_id, cliente_id, numero, estado, total, creado_por) VALUES ('95262344-3496-4a59-a40c-63145171de86', '207bf963-c85e-4525-978e-a186455be7cd', '372402b5-28fe-415b-a179-f1423a2988da', 'PED-23765', 'entregado', 3051.3999999999996, '0995dd4a-c10d-4d43-98da-97adb7379197');
INSERT INTO public.detalles_pedido (id, empresa_id, pedido_id, producto_id, cantidad, precio_unitario) VALUES ('155f51fb-1e42-4f47-99da-9e251d271036', '207bf963-c85e-4525-978e-a186455be7cd', '95262344-3496-4a59-a40c-63145171de86', '9adb10c8-b306-4103-b480-8af4571919fb', 10, 305.14);
INSERT INTO public.pedidos (id, empresa_id, cliente_id, numero, estado, total, creado_por) VALUES ('cc4bc721-c5f8-4139-832c-aa6776b30f9d', '207bf963-c85e-4525-978e-a186455be7cd', '9daff078-e817-45c2-ab5a-60017ba3f11f', 'PED-55029', 'borrador', 707.5600000000001, '76a2e59c-0cd9-4f6f-aa75-dc05fb0b5ad3');
INSERT INTO public.detalles_pedido (id, empresa_id, pedido_id, producto_id, cantidad, precio_unitario) VALUES ('8ff97cca-61ca-4495-b3be-cb410a207920', '207bf963-c85e-4525-978e-a186455be7cd', 'cc4bc721-c5f8-4139-832c-aa6776b30f9d', '7e698489-e7f4-4ecb-bddc-50a99c8b4943', 1, 707.5600000000001);
INSERT INTO public.pedidos (id, empresa_id, cliente_id, numero, estado, total, creado_por) VALUES ('16ba84d0-7efd-4394-b9c2-cd30dc9cd80a', '207bf963-c85e-4525-978e-a186455be7cd', 'd6d4a5d4-fdec-47ed-bbc0-22aed134cffa', 'PED-73037', 'borrador', 21742.8, 'd89caccf-822b-4ca4-936b-95e314433039');
INSERT INTO public.detalles_pedido (id, empresa_id, pedido_id, producto_id, cantidad, precio_unitario) VALUES ('2d4d4ee1-91d8-419b-bd76-ddb788eada9e', '207bf963-c85e-4525-978e-a186455be7cd', '16ba84d0-7efd-4394-b9c2-cd30dc9cd80a', 'd369987d-a505-452f-86ad-a93a8d74035d', 17, 322);
INSERT INTO public.detalles_pedido (id, empresa_id, pedido_id, producto_id, cantidad, precio_unitario) VALUES ('dffe7d76-2b2a-4e29-863e-7dc0029eb3ef', '207bf963-c85e-4525-978e-a186455be7cd', '16ba84d0-7efd-4394-b9c2-cd30dc9cd80a', '65bdafa1-451e-427e-bde2-e2a40038835d', 16, 1016.8);
INSERT INTO public.pedidos (id, empresa_id, cliente_id, numero, estado, total, creado_por) VALUES ('efa23f91-07ff-4609-9483-f15b35f0a4a4', '207bf963-c85e-4525-978e-a186455be7cd', '2213e2e3-ca55-4dc1-b46b-cc0c569ba06b', 'PED-84600', 'entregado', 4111.2, 'd89caccf-822b-4ca4-936b-95e314433039');
INSERT INTO public.detalles_pedido (id, empresa_id, pedido_id, producto_id, cantidad, precio_unitario) VALUES ('eccc1bcb-ce50-4355-8a88-c22d7eb4f7b0', '207bf963-c85e-4525-978e-a186455be7cd', 'efa23f91-07ff-4609-9483-f15b35f0a4a4', '6e6006f2-6768-4494-a915-94643eeb8b68', 5, 822.24);
INSERT INTO public.pedidos (id, empresa_id, cliente_id, numero, estado, total, creado_por) VALUES ('4af3aabe-d980-406c-8d7e-8db93d18a4e7', '207bf963-c85e-4525-978e-a186455be7cd', '2213e2e3-ca55-4dc1-b46b-cc0c569ba06b', 'PED-96184', 'procesado', 25358.31, '0995dd4a-c10d-4d43-98da-97adb7379197');
INSERT INTO public.detalles_pedido (id, empresa_id, pedido_id, producto_id, cantidad, precio_unitario) VALUES ('c6a85c37-f940-4638-8f26-ccd23cb07cbd', '207bf963-c85e-4525-978e-a186455be7cd', '4af3aabe-d980-406c-8d7e-8db93d18a4e7', '909bea85-0d65-4514-acb8-4aaf6b7b40fd', 5, 1416.6499999999999);
INSERT INTO public.detalles_pedido (id, empresa_id, pedido_id, producto_id, cantidad, precio_unitario) VALUES ('7a2bcd9d-b574-41d1-8f9e-38bc7b89157f', '207bf963-c85e-4525-978e-a186455be7cd', '4af3aabe-d980-406c-8d7e-8db93d18a4e7', 'a4f0f2bb-b9cb-4572-88cd-921449746adb', 10, 623.15);
INSERT INTO public.detalles_pedido (id, empresa_id, pedido_id, producto_id, cantidad, precio_unitario) VALUES ('76ff51be-9be6-456c-bdea-268c42d51934', '207bf963-c85e-4525-978e-a186455be7cd', '4af3aabe-d980-406c-8d7e-8db93d18a4e7', '43e6ef6e-cefd-45d0-afba-d752523c9364', 4, 754.65);
INSERT INTO public.detalles_pedido (id, empresa_id, pedido_id, producto_id, cantidad, precio_unitario) VALUES ('0c6f49fb-c069-4f25-b72c-e9f0e6cbf707', '207bf963-c85e-4525-978e-a186455be7cd', '4af3aabe-d980-406c-8d7e-8db93d18a4e7', 'a55474c5-af80-4183-a07d-eb47f9195df3', 8, 433.58000000000004);
INSERT INTO public.detalles_pedido (id, empresa_id, pedido_id, producto_id, cantidad, precio_unitario) VALUES ('fd86f2e7-3dc2-45ee-9b38-e5f492309cfc', '207bf963-c85e-4525-978e-a186455be7cd', '4af3aabe-d980-406c-8d7e-8db93d18a4e7', '446de949-f147-4b5b-bd89-5a18aa545afb', 16, 347.27);
INSERT INTO public.pedidos (id, empresa_id, cliente_id, numero, estado, total, creado_por) VALUES ('4a43078d-707e-4e59-b338-5d7526092f2b', '207bf963-c85e-4525-978e-a186455be7cd', 'd6d4a5d4-fdec-47ed-bbc0-22aed134cffa', 'PED-41345', 'en_ruta', 38723.82, '0995dd4a-c10d-4d43-98da-97adb7379197');
INSERT INTO public.detalles_pedido (id, empresa_id, pedido_id, producto_id, cantidad, precio_unitario) VALUES ('ef41e197-fdf6-4609-a65e-aee2b6bd9b99', '207bf963-c85e-4525-978e-a186455be7cd', '4a43078d-707e-4e59-b338-5d7526092f2b', '87ec4c25-90d8-4433-a6ad-9e794ac98821', 17, 744.66);
INSERT INTO public.detalles_pedido (id, empresa_id, pedido_id, producto_id, cantidad, precio_unitario) VALUES ('7997d83d-9b2e-4eca-8b6e-21e21c5ebb78', '207bf963-c85e-4525-978e-a186455be7cd', '4a43078d-707e-4e59-b338-5d7526092f2b', 'a4f0f2bb-b9cb-4572-88cd-921449746adb', 10, 623.15);
INSERT INTO public.detalles_pedido (id, empresa_id, pedido_id, producto_id, cantidad, precio_unitario) VALUES ('7c3273d8-0ff1-451b-81a7-56c2aca2651e', '207bf963-c85e-4525-978e-a186455be7cd', '4a43078d-707e-4e59-b338-5d7526092f2b', '909bea85-0d65-4514-acb8-4aaf6b7b40fd', 14, 1416.6499999999999);
INSERT INTO public.pedidos (id, empresa_id, cliente_id, numero, estado, total, creado_por) VALUES ('b370a205-3e39-4b5c-aaca-d77b641e6f8c', '207bf963-c85e-4525-978e-a186455be7cd', 'a90d5d06-d87b-4bd6-9a65-81296fad7957', 'PED-19873', 'en_ruta', 24890.980000000003, '0995dd4a-c10d-4d43-98da-97adb7379197');
INSERT INTO public.detalles_pedido (id, empresa_id, pedido_id, producto_id, cantidad, precio_unitario) VALUES ('eb903652-4bfd-4d3a-abd4-cb82f637d207', '207bf963-c85e-4525-978e-a186455be7cd', 'b370a205-3e39-4b5c-aaca-d77b641e6f8c', '43e6ef6e-cefd-45d0-afba-d752523c9364', 12, 754.65);
INSERT INTO public.detalles_pedido (id, empresa_id, pedido_id, producto_id, cantidad, precio_unitario) VALUES ('6cd210f3-af41-4cd2-9731-3145d35a3f6f', '207bf963-c85e-4525-978e-a186455be7cd', 'b370a205-3e39-4b5c-aaca-d77b641e6f8c', 'a55474c5-af80-4183-a07d-eb47f9195df3', 16, 433.58000000000004);
INSERT INTO public.detalles_pedido (id, empresa_id, pedido_id, producto_id, cantidad, precio_unitario) VALUES ('4619d2d6-5bbc-471f-b3f7-7e723dcf6e75', '207bf963-c85e-4525-978e-a186455be7cd', 'b370a205-3e39-4b5c-aaca-d77b641e6f8c', 'a21d9d34-08b8-452f-8947-7369ecd3c263', 16, 85.05000000000001);
INSERT INTO public.detalles_pedido (id, empresa_id, pedido_id, producto_id, cantidad, precio_unitario) VALUES ('9e4939dc-f54d-4d31-a1ad-c511bebc468e', '207bf963-c85e-4525-978e-a186455be7cd', 'b370a205-3e39-4b5c-aaca-d77b641e6f8c', '8e5a20cd-2368-4f7e-8b24-6d50de0d35cb', 2, 987.4499999999999);
INSERT INTO public.detalles_pedido (id, empresa_id, pedido_id, producto_id, cantidad, precio_unitario) VALUES ('a0202dff-2ea8-4e83-a1c2-f8a712429147', '207bf963-c85e-4525-978e-a186455be7cd', 'b370a205-3e39-4b5c-aaca-d77b641e6f8c', '8bdf8226-140b-4c04-bb23-659bdd89bbfc', 4, 1390.55);
INSERT INTO public.pedidos (id, empresa_id, cliente_id, numero, estado, total, creado_por) VALUES ('630085ff-729b-4927-a288-86463bc7ef74', '207bf963-c85e-4525-978e-a186455be7cd', '7492878f-aa0e-4d1c-a3a1-ddc6e9e5e590', 'PED-43558', 'borrador', 9795.1, '0995dd4a-c10d-4d43-98da-97adb7379197');
INSERT INTO public.detalles_pedido (id, empresa_id, pedido_id, producto_id, cantidad, precio_unitario) VALUES ('c2b653bb-7e98-443f-a85f-aae0040de911', '207bf963-c85e-4525-978e-a186455be7cd', '630085ff-729b-4927-a288-86463bc7ef74', 'a1a5be59-d22f-47a7-8fb3-1d516252ee36', 7, 222.44000000000003);
INSERT INTO public.detalles_pedido (id, empresa_id, pedido_id, producto_id, cantidad, precio_unitario) VALUES ('e6ce7114-3acd-4332-9e03-b71110efb43d', '207bf963-c85e-4525-978e-a186455be7cd', '630085ff-729b-4927-a288-86463bc7ef74', 'a55474c5-af80-4183-a07d-eb47f9195df3', 19, 433.58000000000004);
INSERT INTO public.pedidos (id, empresa_id, cliente_id, numero, estado, total, creado_por) VALUES ('6cc5a26e-3573-4b87-bb33-704edbaa99e1', '207bf963-c85e-4525-978e-a186455be7cd', '66791026-be28-49f6-8424-96b3fa6d068c', 'PED-36766', 'entregado', 4952.92, '75cf4dcc-a45b-4532-b118-5bfdeb5266f4');
INSERT INTO public.detalles_pedido (id, empresa_id, pedido_id, producto_id, cantidad, precio_unitario) VALUES ('a9d2206e-1885-47cc-aa0b-4d04fed86950', '207bf963-c85e-4525-978e-a186455be7cd', '6cc5a26e-3573-4b87-bb33-704edbaa99e1', '7e698489-e7f4-4ecb-bddc-50a99c8b4943', 7, 707.5600000000001);
INSERT INTO public.pedidos (id, empresa_id, cliente_id, numero, estado, total, creado_por) VALUES ('0f1401d6-2e94-449b-912e-dacc3e0e741c', '207bf963-c85e-4525-978e-a186455be7cd', '7b515735-9796-499b-9124-f4002b316abb', 'PED-40486', 'cancelado', 18507.87, '0995dd4a-c10d-4d43-98da-97adb7379197');
INSERT INTO public.detalles_pedido (id, empresa_id, pedido_id, producto_id, cantidad, precio_unitario) VALUES ('6056f8bc-a99f-4583-8b54-5997b925001f', '207bf963-c85e-4525-978e-a186455be7cd', '0f1401d6-2e94-449b-912e-dacc3e0e741c', '7e698489-e7f4-4ecb-bddc-50a99c8b4943', 9, 707.5600000000001);
INSERT INTO public.detalles_pedido (id, empresa_id, pedido_id, producto_id, cantidad, precio_unitario) VALUES ('ed4ca681-16a2-40e3-a008-e7a999ae2921', '207bf963-c85e-4525-978e-a186455be7cd', '0f1401d6-2e94-449b-912e-dacc3e0e741c', 'df81344d-9ca5-48fe-9573-e94b014168dd', 3, 1169.32);
INSERT INTO public.detalles_pedido (id, empresa_id, pedido_id, producto_id, cantidad, precio_unitario) VALUES ('df5cc4a4-0211-4c36-b396-96523e4dcd8e', '207bf963-c85e-4525-978e-a186455be7cd', '0f1401d6-2e94-449b-912e-dacc3e0e741c', 'df81344d-9ca5-48fe-9573-e94b014168dd', 5, 1169.32);
INSERT INTO public.detalles_pedido (id, empresa_id, pedido_id, producto_id, cantidad, precio_unitario) VALUES ('75e347b3-a0b4-4873-adac-88639eae7933', '207bf963-c85e-4525-978e-a186455be7cd', '0f1401d6-2e94-449b-912e-dacc3e0e741c', 'df81344d-9ca5-48fe-9573-e94b014168dd', 1, 1169.32);
INSERT INTO public.detalles_pedido (id, empresa_id, pedido_id, producto_id, cantidad, precio_unitario) VALUES ('2e36e1be-6163-4e05-b1d2-e39a8ce14e5c', '207bf963-c85e-4525-978e-a186455be7cd', '0f1401d6-2e94-449b-912e-dacc3e0e741c', 'a21d9d34-08b8-452f-8947-7369ecd3c263', 19, 85.05000000000001);
INSERT INTO public.pedidos (id, empresa_id, cliente_id, numero, estado, total, creado_por) VALUES ('09ab1752-d16a-456e-bf7a-7ec46d10eeb0', '207bf963-c85e-4525-978e-a186455be7cd', 'd6d4a5d4-fdec-47ed-bbc0-22aed134cffa', 'PED-47366', 'en_ruta', 39565.21, '37914e59-1ccb-48a2-86de-b2663373cb7e');
INSERT INTO public.detalles_pedido (id, empresa_id, pedido_id, producto_id, cantidad, precio_unitario) VALUES ('3e4f6207-e3ed-40b0-b490-a2aed172aa94', '207bf963-c85e-4525-978e-a186455be7cd', '09ab1752-d16a-456e-bf7a-7ec46d10eeb0', '65bdafa1-451e-427e-bde2-e2a40038835d', 4, 1016.8);
INSERT INTO public.detalles_pedido (id, empresa_id, pedido_id, producto_id, cantidad, precio_unitario) VALUES ('9ed6c3cb-9b48-43f2-9016-6de426e7c29b', '207bf963-c85e-4525-978e-a186455be7cd', '09ab1752-d16a-456e-bf7a-7ec46d10eeb0', '8bdf8226-140b-4c04-bb23-659bdd89bbfc', 14, 1390.55);
INSERT INTO public.detalles_pedido (id, empresa_id, pedido_id, producto_id, cantidad, precio_unitario) VALUES ('5435fbd3-7998-4023-a788-c322ea366038', '207bf963-c85e-4525-978e-a186455be7cd', '09ab1752-d16a-456e-bf7a-7ec46d10eeb0', '446de949-f147-4b5b-bd89-5a18aa545afb', 15, 347.27);
INSERT INTO public.detalles_pedido (id, empresa_id, pedido_id, producto_id, cantidad, precio_unitario) VALUES ('3d1dccf6-8f06-4d1c-aa3d-b9da186c2c48', '207bf963-c85e-4525-978e-a186455be7cd', '09ab1752-d16a-456e-bf7a-7ec46d10eeb0', '7e698489-e7f4-4ecb-bddc-50a99c8b4943', 14, 707.5600000000001);
INSERT INTO public.detalles_pedido (id, empresa_id, pedido_id, producto_id, cantidad, precio_unitario) VALUES ('d1634a31-fe4a-45d7-90c6-2e4185e724a4', '207bf963-c85e-4525-978e-a186455be7cd', '09ab1752-d16a-456e-bf7a-7ec46d10eeb0', '9adb10c8-b306-4103-b480-8af4571919fb', 3, 305.14);
INSERT INTO public.pedidos (id, empresa_id, cliente_id, numero, estado, total, creado_por) VALUES ('d4b3511d-ce67-4a08-999b-6359aebe9695', '207bf963-c85e-4525-978e-a186455be7cd', '40d52167-5c5f-409d-9ffd-763b41e1eb90', 'PED-82078', 'en_ruta', 18253.839999999997, '37914e59-1ccb-48a2-86de-b2663373cb7e');
INSERT INTO public.detalles_pedido (id, empresa_id, pedido_id, producto_id, cantidad, precio_unitario) VALUES ('790ea5a9-ef14-4bbe-a466-7ec9c5a2d0cc', '207bf963-c85e-4525-978e-a186455be7cd', 'd4b3511d-ce67-4a08-999b-6359aebe9695', 'df81344d-9ca5-48fe-9573-e94b014168dd', 9, 1169.32);
INSERT INTO public.detalles_pedido (id, empresa_id, pedido_id, producto_id, cantidad, precio_unitario) VALUES ('46974fed-d99e-4cf4-ad9a-5f499b44ee9c', '207bf963-c85e-4525-978e-a186455be7cd', 'd4b3511d-ce67-4a08-999b-6359aebe9695', '7e698489-e7f4-4ecb-bddc-50a99c8b4943', 1, 707.5600000000001);
INSERT INTO public.detalles_pedido (id, empresa_id, pedido_id, producto_id, cantidad, precio_unitario) VALUES ('e8035799-7914-439f-95c6-58365486fd50', '207bf963-c85e-4525-978e-a186455be7cd', 'd4b3511d-ce67-4a08-999b-6359aebe9695', '953006fd-67b6-434d-a39d-96e7b877afea', 19, 369.59999999999997);
INSERT INTO public.pedidos (id, empresa_id, cliente_id, numero, estado, total, creado_por) VALUES ('33fd8d78-45e3-4a10-a977-e2ce69205e2e', '207bf963-c85e-4525-978e-a186455be7cd', 'edbc0293-a482-45ce-8970-29e1fe04917d', 'PED-90299', 'cancelado', 42176.759999999995, 'd89caccf-822b-4ca4-936b-95e314433039');
INSERT INTO public.detalles_pedido (id, empresa_id, pedido_id, producto_id, cantidad, precio_unitario) VALUES ('c600bae1-b25e-4d04-84db-5f6a91ef0fd2', '207bf963-c85e-4525-978e-a186455be7cd', '33fd8d78-45e3-4a10-a977-e2ce69205e2e', '6e6006f2-6768-4494-a915-94643eeb8b68', 19, 822.24);
INSERT INTO public.detalles_pedido (id, empresa_id, pedido_id, producto_id, cantidad, precio_unitario) VALUES ('b6fb83f7-e3de-4c20-8d3f-a94165145acd', '207bf963-c85e-4525-978e-a186455be7cd', '33fd8d78-45e3-4a10-a977-e2ce69205e2e', 'a4f0f2bb-b9cb-4572-88cd-921449746adb', 1, 623.15);
INSERT INTO public.detalles_pedido (id, empresa_id, pedido_id, producto_id, cantidad, precio_unitario) VALUES ('6be170f2-3428-42a9-9add-7a328f87f1d3', '207bf963-c85e-4525-978e-a186455be7cd', '33fd8d78-45e3-4a10-a977-e2ce69205e2e', '953006fd-67b6-434d-a39d-96e7b877afea', 5, 369.59999999999997);
INSERT INTO public.detalles_pedido (id, empresa_id, pedido_id, producto_id, cantidad, precio_unitario) VALUES ('1d026f6f-e672-45cb-b485-e321059626dd', '207bf963-c85e-4525-978e-a186455be7cd', '33fd8d78-45e3-4a10-a977-e2ce69205e2e', '909bea85-0d65-4514-acb8-4aaf6b7b40fd', 17, 1416.6499999999999);
INSERT INTO public.pedidos (id, empresa_id, cliente_id, numero, estado, total, creado_por) VALUES ('dfc644fc-f57d-4f76-b838-dd12a3a28872', '207bf963-c85e-4525-978e-a186455be7cd', 'a90d5d06-d87b-4bd6-9a65-81296fad7957', 'PED-81512', 'borrador', 23375.1, '0995dd4a-c10d-4d43-98da-97adb7379197');
INSERT INTO public.detalles_pedido (id, empresa_id, pedido_id, producto_id, cantidad, precio_unitario) VALUES ('33a80e83-f1f9-430c-b21a-4e9981143eea', '207bf963-c85e-4525-978e-a186455be7cd', 'dfc644fc-f57d-4f76-b838-dd12a3a28872', '909bea85-0d65-4514-acb8-4aaf6b7b40fd', 14, 1416.6499999999999);
INSERT INTO public.detalles_pedido (id, empresa_id, pedido_id, producto_id, cantidad, precio_unitario) VALUES ('6f702d55-0b63-4de8-923a-938be289b0ae', '207bf963-c85e-4525-978e-a186455be7cd', 'dfc644fc-f57d-4f76-b838-dd12a3a28872', 'd369987d-a505-452f-86ad-a93a8d74035d', 11, 322);
INSERT INTO public.pedidos (id, empresa_id, cliente_id, numero, estado, total, creado_por) VALUES ('6ff1c1a6-dca9-4735-aedd-07ef14dc5039', '207bf963-c85e-4525-978e-a186455be7cd', 'd6d4a5d4-fdec-47ed-bbc0-22aed134cffa', 'PED-31215', 'procesado', 37947.66, 'd89caccf-822b-4ca4-936b-95e314433039');
INSERT INTO public.detalles_pedido (id, empresa_id, pedido_id, producto_id, cantidad, precio_unitario) VALUES ('39e2cfc3-0c5b-46a1-ad20-2c20bd848963', '207bf963-c85e-4525-978e-a186455be7cd', '6ff1c1a6-dca9-4735-aedd-07ef14dc5039', 'df81344d-9ca5-48fe-9573-e94b014168dd', 16, 1169.32);
INSERT INTO public.detalles_pedido (id, empresa_id, pedido_id, producto_id, cantidad, precio_unitario) VALUES ('e5686108-e9d8-4114-8402-eb6f9f57648b', '207bf963-c85e-4525-978e-a186455be7cd', '6ff1c1a6-dca9-4735-aedd-07ef14dc5039', '4ff47e83-a66a-4e96-a2af-100a9d582af6', 5, 770.33);
INSERT INTO public.detalles_pedido (id, empresa_id, pedido_id, producto_id, cantidad, precio_unitario) VALUES ('ecc8ae49-3c34-4ba2-b8e6-14f575194eb4', '207bf963-c85e-4525-978e-a186455be7cd', '6ff1c1a6-dca9-4735-aedd-07ef14dc5039', '65bdafa1-451e-427e-bde2-e2a40038835d', 8, 1016.8);
INSERT INTO public.detalles_pedido (id, empresa_id, pedido_id, producto_id, cantidad, precio_unitario) VALUES ('af12715a-417e-4388-9f93-1c219e5e9629', '207bf963-c85e-4525-978e-a186455be7cd', '6ff1c1a6-dca9-4735-aedd-07ef14dc5039', 'a21d9d34-08b8-452f-8947-7369ecd3c263', 19, 85.05000000000001);
INSERT INTO public.detalles_pedido (id, empresa_id, pedido_id, producto_id, cantidad, precio_unitario) VALUES ('122ef5a5-a8c3-4236-9f72-a20f5c286bb3', '207bf963-c85e-4525-978e-a186455be7cd', '6ff1c1a6-dca9-4735-aedd-07ef14dc5039', 'a55474c5-af80-4183-a07d-eb47f9195df3', 13, 433.58000000000004);
INSERT INTO public.pedidos (id, empresa_id, cliente_id, numero, estado, total, creado_por) VALUES ('fb08f8d3-a717-4275-a00a-86b0685c0d8d', '207bf963-c85e-4525-978e-a186455be7cd', '90aa1083-921a-40a8-bed4-fefded8818d8', 'PED-39017', 'entregado', 57620.619999999995, '75cf4dcc-a45b-4532-b118-5bfdeb5266f4');
INSERT INTO public.detalles_pedido (id, empresa_id, pedido_id, producto_id, cantidad, precio_unitario) VALUES ('63207103-4dca-4f6b-81f0-74d78e95a213', '207bf963-c85e-4525-978e-a186455be7cd', 'fb08f8d3-a717-4275-a00a-86b0685c0d8d', '43e6ef6e-cefd-45d0-afba-d752523c9364', 10, 754.65);
INSERT INTO public.detalles_pedido (id, empresa_id, pedido_id, producto_id, cantidad, precio_unitario) VALUES ('3ad0ec37-466a-4959-96bb-30a4ad09cb64', '207bf963-c85e-4525-978e-a186455be7cd', 'fb08f8d3-a717-4275-a00a-86b0685c0d8d', '6e6006f2-6768-4494-a915-94643eeb8b68', 11, 822.24);
INSERT INTO public.detalles_pedido (id, empresa_id, pedido_id, producto_id, cantidad, precio_unitario) VALUES ('cd61dce4-6916-4ee4-b66b-b79515a9a108', '207bf963-c85e-4525-978e-a186455be7cd', 'fb08f8d3-a717-4275-a00a-86b0685c0d8d', 'df81344d-9ca5-48fe-9573-e94b014168dd', 17, 1169.32);
INSERT INTO public.detalles_pedido (id, empresa_id, pedido_id, producto_id, cantidad, precio_unitario) VALUES ('a4c68adc-136c-49da-9230-df4abbc8fbc1', '207bf963-c85e-4525-978e-a186455be7cd', 'fb08f8d3-a717-4275-a00a-86b0685c0d8d', '9adb10c8-b306-4103-b480-8af4571919fb', 16, 305.14);
INSERT INTO public.detalles_pedido (id, empresa_id, pedido_id, producto_id, cantidad, precio_unitario) VALUES ('8763a277-f455-4618-9e16-b88aed2abece', '207bf963-c85e-4525-978e-a186455be7cd', 'fb08f8d3-a717-4275-a00a-86b0685c0d8d', '65bdafa1-451e-427e-bde2-e2a40038835d', 16, 1016.8);
INSERT INTO public.pedidos (id, empresa_id, cliente_id, numero, estado, total, creado_por) VALUES ('8ae097c5-4c6b-46fb-83ce-a98fa27985e3', '207bf963-c85e-4525-978e-a186455be7cd', '9daff078-e817-45c2-ab5a-60017ba3f11f', 'PED-12279', 'cancelado', 23949.96, '0995dd4a-c10d-4d43-98da-97adb7379197');
INSERT INTO public.detalles_pedido (id, empresa_id, pedido_id, producto_id, cantidad, precio_unitario) VALUES ('7cf267db-0599-48c0-aa6a-69de8fff564c', '207bf963-c85e-4525-978e-a186455be7cd', '8ae097c5-4c6b-46fb-83ce-a98fa27985e3', 'd369987d-a505-452f-86ad-a93a8d74035d', 4, 322);
INSERT INTO public.detalles_pedido (id, empresa_id, pedido_id, producto_id, cantidad, precio_unitario) VALUES ('1a16e222-a80c-43c1-ba4a-f549a3202743', '207bf963-c85e-4525-978e-a186455be7cd', '8ae097c5-4c6b-46fb-83ce-a98fa27985e3', 'a1a5be59-d22f-47a7-8fb3-1d516252ee36', 2, 222.44000000000003);
INSERT INTO public.detalles_pedido (id, empresa_id, pedido_id, producto_id, cantidad, precio_unitario) VALUES ('63086fcd-4b28-41c8-aa4f-8be4c0437318', '207bf963-c85e-4525-978e-a186455be7cd', '8ae097c5-4c6b-46fb-83ce-a98fa27985e3', 'df81344d-9ca5-48fe-9573-e94b014168dd', 19, 1169.32);
INSERT INTO public.pedidos (id, empresa_id, cliente_id, numero, estado, total, creado_por) VALUES ('05e28702-7c31-4a62-b678-592111b69719', '207bf963-c85e-4525-978e-a186455be7cd', '372402b5-28fe-415b-a179-f1423a2988da', 'PED-36323', 'en_ruta', 30297.299999999996, '76a2e59c-0cd9-4f6f-aa75-dc05fb0b5ad3');
INSERT INTO public.detalles_pedido (id, empresa_id, pedido_id, producto_id, cantidad, precio_unitario) VALUES ('e96f2919-3d51-45d8-899c-df99afd6f295', '207bf963-c85e-4525-978e-a186455be7cd', '05e28702-7c31-4a62-b678-592111b69719', '8e5a20cd-2368-4f7e-8b24-6d50de0d35cb', 14, 987.4499999999999);
INSERT INTO public.detalles_pedido (id, empresa_id, pedido_id, producto_id, cantidad, precio_unitario) VALUES ('8a46a27d-f3d7-45b8-8420-1044cfc6530d', '207bf963-c85e-4525-978e-a186455be7cd', '05e28702-7c31-4a62-b678-592111b69719', 'a1a5be59-d22f-47a7-8fb3-1d516252ee36', 10, 222.44000000000003);
INSERT INTO public.detalles_pedido (id, empresa_id, pedido_id, producto_id, cantidad, precio_unitario) VALUES ('68213697-6280-4b0e-91dd-47614b11690d', '207bf963-c85e-4525-978e-a186455be7cd', '05e28702-7c31-4a62-b678-592111b69719', 'a4f0f2bb-b9cb-4572-88cd-921449746adb', 14, 623.15);
INSERT INTO public.detalles_pedido (id, empresa_id, pedido_id, producto_id, cantidad, precio_unitario) VALUES ('c2c721e4-fb65-4f7f-a388-cc632d42762f', '207bf963-c85e-4525-978e-a186455be7cd', '05e28702-7c31-4a62-b678-592111b69719', '129bfc37-d643-4db1-986a-a35c1b38e133', 2, 892.8);
INSERT INTO public.detalles_pedido (id, empresa_id, pedido_id, producto_id, cantidad, precio_unitario) VALUES ('61d5a2ad-6547-4ca0-b6b6-53db6bbf3c50', '207bf963-c85e-4525-978e-a186455be7cd', '05e28702-7c31-4a62-b678-592111b69719', 'a4f0f2bb-b9cb-4572-88cd-921449746adb', 6, 623.15);
INSERT INTO public.pedidos (id, empresa_id, cliente_id, numero, estado, total, creado_por) VALUES ('65de1bd3-2670-4d3f-9834-c48396b24ca9', '207bf963-c85e-4525-978e-a186455be7cd', 'cbef12e3-ab31-47c5-80a1-47e71643c608', 'PED-18522', 'cancelado', 33816.399999999994, '75cf4dcc-a45b-4532-b118-5bfdeb5266f4');
INSERT INTO public.detalles_pedido (id, empresa_id, pedido_id, producto_id, cantidad, precio_unitario) VALUES ('43bf448d-f825-4322-81cc-78b02dab6ec8', '207bf963-c85e-4525-978e-a186455be7cd', '65de1bd3-2670-4d3f-9834-c48396b24ca9', 'df81344d-9ca5-48fe-9573-e94b014168dd', 18, 1169.32);
INSERT INTO public.detalles_pedido (id, empresa_id, pedido_id, producto_id, cantidad, precio_unitario) VALUES ('23f51b66-d5d5-417d-b614-28b15b7c7168', '207bf963-c85e-4525-978e-a186455be7cd', '65de1bd3-2670-4d3f-9834-c48396b24ca9', '129bfc37-d643-4db1-986a-a35c1b38e133', 2, 892.8);
INSERT INTO public.detalles_pedido (id, empresa_id, pedido_id, producto_id, cantidad, precio_unitario) VALUES ('cea52c1f-d322-4839-b1c3-dad2b92debf3', '207bf963-c85e-4525-978e-a186455be7cd', '65de1bd3-2670-4d3f-9834-c48396b24ca9', '65bdafa1-451e-427e-bde2-e2a40038835d', 6, 1016.8);
INSERT INTO public.detalles_pedido (id, empresa_id, pedido_id, producto_id, cantidad, precio_unitario) VALUES ('64273dba-9a95-462e-8e17-2804365efb6c', '207bf963-c85e-4525-978e-a186455be7cd', '65de1bd3-2670-4d3f-9834-c48396b24ca9', '9adb10c8-b306-4103-b480-8af4571919fb', 16, 305.14);
INSERT INTO public.pedidos (id, empresa_id, cliente_id, numero, estado, total, creado_por) VALUES ('00f7fea4-c967-4828-b8cb-55d9daccf4ed', '207bf963-c85e-4525-978e-a186455be7cd', '372402b5-28fe-415b-a179-f1423a2988da', 'PED-98073', 'cancelado', 11770.99, 'd89caccf-822b-4ca4-936b-95e314433039');
INSERT INTO public.detalles_pedido (id, empresa_id, pedido_id, producto_id, cantidad, precio_unitario) VALUES ('36a5a9c0-67c7-4e43-a8db-9631367ba574', '207bf963-c85e-4525-978e-a186455be7cd', '00f7fea4-c967-4828-b8cb-55d9daccf4ed', '4ff47e83-a66a-4e96-a2af-100a9d582af6', 8, 770.33);
INSERT INTO public.detalles_pedido (id, empresa_id, pedido_id, producto_id, cantidad, precio_unitario) VALUES ('ae1ab26f-493c-4719-a1f0-20ae0defb12f', '207bf963-c85e-4525-978e-a186455be7cd', '00f7fea4-c967-4828-b8cb-55d9daccf4ed', 'a4f0f2bb-b9cb-4572-88cd-921449746adb', 9, 623.15);
INSERT INTO public.pedidos (id, empresa_id, cliente_id, numero, estado, total, creado_por) VALUES ('add23158-4b5f-43c0-80f9-d1a42c16de1b', '207bf963-c85e-4525-978e-a186455be7cd', 'a90d5d06-d87b-4bd6-9a65-81296fad7957', 'PED-46487', 'entregado', 31403.289999999997, '76a2e59c-0cd9-4f6f-aa75-dc05fb0b5ad3');
INSERT INTO public.detalles_pedido (id, empresa_id, pedido_id, producto_id, cantidad, precio_unitario) VALUES ('c2660c0c-0b05-43f3-8321-2fbd5c6ea843', '207bf963-c85e-4525-978e-a186455be7cd', 'add23158-4b5f-43c0-80f9-d1a42c16de1b', '909bea85-0d65-4514-acb8-4aaf6b7b40fd', 18, 1416.6499999999999);
INSERT INTO public.detalles_pedido (id, empresa_id, pedido_id, producto_id, cantidad, precio_unitario) VALUES ('30058bf7-f954-4bd5-8f46-c7567c4c2866', '207bf963-c85e-4525-978e-a186455be7cd', 'add23158-4b5f-43c0-80f9-d1a42c16de1b', '446de949-f147-4b5b-bd89-5a18aa545afb', 7, 347.27);
INSERT INTO public.detalles_pedido (id, empresa_id, pedido_id, producto_id, cantidad, precio_unitario) VALUES ('7205160d-255a-47e1-8a50-d2d68d537547', '207bf963-c85e-4525-978e-a186455be7cd', 'add23158-4b5f-43c0-80f9-d1a42c16de1b', '446de949-f147-4b5b-bd89-5a18aa545afb', 10, 347.27);
INSERT INTO public.pedidos (id, empresa_id, cliente_id, numero, estado, total, creado_por) VALUES ('ef92c418-d51d-435a-8bf7-bf5c841187f6', '207bf963-c85e-4525-978e-a186455be7cd', '7492878f-aa0e-4d1c-a3a1-ddc6e9e5e590', 'PED-25391', 'borrador', 10730.060000000001, '0995dd4a-c10d-4d43-98da-97adb7379197');
INSERT INTO public.detalles_pedido (id, empresa_id, pedido_id, producto_id, cantidad, precio_unitario) VALUES ('f08c7dd9-48fb-40e4-b348-c29f1aaf708e', '207bf963-c85e-4525-978e-a186455be7cd', 'ef92c418-d51d-435a-8bf7-bf5c841187f6', 'a55474c5-af80-4183-a07d-eb47f9195df3', 15, 433.58000000000004);
INSERT INTO public.detalles_pedido (id, empresa_id, pedido_id, producto_id, cantidad, precio_unitario) VALUES ('e73e2137-ab30-413d-bdd0-24b169b1b7a3', '207bf963-c85e-4525-978e-a186455be7cd', 'ef92c418-d51d-435a-8bf7-bf5c841187f6', 'a1a5be59-d22f-47a7-8fb3-1d516252ee36', 13, 222.44000000000003);
INSERT INTO public.detalles_pedido (id, empresa_id, pedido_id, producto_id, cantidad, precio_unitario) VALUES ('485d860a-73f6-4fa3-97ed-c871d829cd92', '207bf963-c85e-4525-978e-a186455be7cd', 'ef92c418-d51d-435a-8bf7-bf5c841187f6', 'a1a5be59-d22f-47a7-8fb3-1d516252ee36', 6, 222.44000000000003);
INSERT INTO public.pedidos (id, empresa_id, cliente_id, numero, estado, total, creado_por) VALUES ('45e4c0a5-513d-435e-8b51-9707e0126ed5', '207bf963-c85e-4525-978e-a186455be7cd', 'f6374b84-022e-4a34-8d83-983f15e1e1be', 'PED-72352', 'entregado', 47748.45, '37914e59-1ccb-48a2-86de-b2663373cb7e');
INSERT INTO public.detalles_pedido (id, empresa_id, pedido_id, producto_id, cantidad, precio_unitario) VALUES ('c76e934f-b803-4c01-803c-05c1da6df2db', '207bf963-c85e-4525-978e-a186455be7cd', '45e4c0a5-513d-435e-8b51-9707e0126ed5', '65bdafa1-451e-427e-bde2-e2a40038835d', 17, 1016.8);
INSERT INTO public.detalles_pedido (id, empresa_id, pedido_id, producto_id, cantidad, precio_unitario) VALUES ('8f647b28-f91a-4745-9ff5-db95722d5501', '207bf963-c85e-4525-978e-a186455be7cd', '45e4c0a5-513d-435e-8b51-9707e0126ed5', '8e5a20cd-2368-4f7e-8b24-6d50de0d35cb', 6, 987.4499999999999);
INSERT INTO public.detalles_pedido (id, empresa_id, pedido_id, producto_id, cantidad, precio_unitario) VALUES ('f0accd5b-0f44-40ba-83dd-1d4e482df0cb', '207bf963-c85e-4525-978e-a186455be7cd', '45e4c0a5-513d-435e-8b51-9707e0126ed5', '65bdafa1-451e-427e-bde2-e2a40038835d', 13, 1016.8);
INSERT INTO public.detalles_pedido (id, empresa_id, pedido_id, producto_id, cantidad, precio_unitario) VALUES ('c9d1a734-edee-4681-b043-31593e7fef45', '207bf963-c85e-4525-978e-a186455be7cd', '45e4c0a5-513d-435e-8b51-9707e0126ed5', '43e6ef6e-cefd-45d0-afba-d752523c9364', 15, 754.65);
INSERT INTO public.pedidos (id, empresa_id, cliente_id, numero, estado, total, creado_por) VALUES ('ee0a3161-bdce-46e6-b494-672315ca0f41', '207bf963-c85e-4525-978e-a186455be7cd', 'f6374b84-022e-4a34-8d83-983f15e1e1be', 'PED-96385', 'procesado', 11305.76, '0995dd4a-c10d-4d43-98da-97adb7379197');
INSERT INTO public.detalles_pedido (id, empresa_id, pedido_id, producto_id, cantidad, precio_unitario) VALUES ('ce45b5f6-c496-41d7-9a0b-2372343ed0f8', '207bf963-c85e-4525-978e-a186455be7cd', 'ee0a3161-bdce-46e6-b494-672315ca0f41', '9adb10c8-b306-4103-b480-8af4571919fb', 20, 305.14);
INSERT INTO public.detalles_pedido (id, empresa_id, pedido_id, producto_id, cantidad, precio_unitario) VALUES ('f86ee5d6-8c06-492a-8baf-175c5eed90ac', '207bf963-c85e-4525-978e-a186455be7cd', 'ee0a3161-bdce-46e6-b494-672315ca0f41', 'a55474c5-af80-4183-a07d-eb47f9195df3', 12, 433.58000000000004);
INSERT INTO public.pedidos (id, empresa_id, cliente_id, numero, estado, total, creado_por) VALUES ('1c51d697-6c7c-4b84-9b3d-1dd6c2c145d1', '46f71144-7c40-43db-9bc7-f55961dd30cd', '30c6bedc-070f-482c-a406-31468ec13e16', 'PED-97835', 'en_ruta', 1428.57, '0f724f4f-7079-4785-9f0a-005e6f5700dc');
INSERT INTO public.detalles_pedido (id, empresa_id, pedido_id, producto_id, cantidad, precio_unitario) VALUES ('feb802ff-3405-4efb-a8c7-e8197f63dceb', '46f71144-7c40-43db-9bc7-f55961dd30cd', '1c51d697-6c7c-4b84-9b3d-1dd6c2c145d1', '28393d5a-8982-4308-a852-f3ee57823263', 3, 476.19);
INSERT INTO public.pedidos (id, empresa_id, cliente_id, numero, estado, total, creado_por) VALUES ('f2153311-e636-4ec5-a8a4-cc67dcbb289b', '46f71144-7c40-43db-9bc7-f55961dd30cd', '30c6bedc-070f-482c-a406-31468ec13e16', 'PED-79983', 'cancelado', 45066.869999999995, 'a6b9c66c-f449-4529-ba57-8022d6efce63');
INSERT INTO public.detalles_pedido (id, empresa_id, pedido_id, producto_id, cantidad, precio_unitario) VALUES ('b2dd58da-32c7-4230-bc3c-203657dca5ec', '46f71144-7c40-43db-9bc7-f55961dd30cd', 'f2153311-e636-4ec5-a8a4-cc67dcbb289b', 'ac47dd37-8472-4e87-84f5-1679217cecc5', 3, 640.92);
INSERT INTO public.detalles_pedido (id, empresa_id, pedido_id, producto_id, cantidad, precio_unitario) VALUES ('9aeafc22-e391-4dcb-b3e0-8a8dfaa1f34f', '46f71144-7c40-43db-9bc7-f55961dd30cd', 'f2153311-e636-4ec5-a8a4-cc67dcbb289b', '5a712694-c630-4b22-92c5-aa3aec7a8d7f', 8, 1215.84);
INSERT INTO public.detalles_pedido (id, empresa_id, pedido_id, producto_id, cantidad, precio_unitario) VALUES ('53658c1d-30f8-4c27-a451-09cea05034d8', '46f71144-7c40-43db-9bc7-f55961dd30cd', 'f2153311-e636-4ec5-a8a4-cc67dcbb289b', '5a712694-c630-4b22-92c5-aa3aec7a8d7f', 4, 1215.84);
INSERT INTO public.detalles_pedido (id, empresa_id, pedido_id, producto_id, cantidad, precio_unitario) VALUES ('6c566d62-3747-45a5-8337-31a8dbb0210d', '46f71144-7c40-43db-9bc7-f55961dd30cd', 'f2153311-e636-4ec5-a8a4-cc67dcbb289b', '80835522-ebca-4012-aa43-26cab5c5ef06', 15, 930.93);
INSERT INTO public.detalles_pedido (id, empresa_id, pedido_id, producto_id, cantidad, precio_unitario) VALUES ('fa5d5197-4909-4681-9a50-ef8c6f412495', '46f71144-7c40-43db-9bc7-f55961dd30cd', 'f2153311-e636-4ec5-a8a4-cc67dcbb289b', '5a712694-c630-4b22-92c5-aa3aec7a8d7f', 12, 1215.84);
INSERT INTO public.pedidos (id, empresa_id, cliente_id, numero, estado, total, creado_por) VALUES ('67a658df-45b9-4475-9cca-b311161c23af', '46f71144-7c40-43db-9bc7-f55961dd30cd', '1f568829-45a2-4f62-bc23-4376ecafb11c', 'PED-95068', 'cancelado', 17755.2, '257a311d-f2ef-4b47-9292-57e04126bb11');
INSERT INTO public.detalles_pedido (id, empresa_id, pedido_id, producto_id, cantidad, precio_unitario) VALUES ('a8dc0d7b-659a-4345-b3a4-55eecb124041', '46f71144-7c40-43db-9bc7-f55961dd30cd', '67a658df-45b9-4475-9cca-b311161c23af', 'aee19d0f-d394-42a1-b19e-9ab644e05fc9', 17, 72.60000000000001);
INSERT INTO public.detalles_pedido (id, empresa_id, pedido_id, producto_id, cantidad, precio_unitario) VALUES ('5b9f94d2-2a50-4958-a144-ca3ad47073a7', '46f71144-7c40-43db-9bc7-f55961dd30cd', '67a658df-45b9-4475-9cca-b311161c23af', '0dcd244c-8902-44a8-84da-cb4c4a4dbca7', 12, 118.99999999999999);
INSERT INTO public.detalles_pedido (id, empresa_id, pedido_id, producto_id, cantidad, precio_unitario) VALUES ('55372f97-98c1-442a-a1ab-5109a2d261a9', '46f71144-7c40-43db-9bc7-f55961dd30cd', '67a658df-45b9-4475-9cca-b311161c23af', '5814a3c5-8d99-463c-8add-73c2e18a0346', 18, 838.5);
INSERT INTO public.pedidos (id, empresa_id, cliente_id, numero, estado, total, creado_por) VALUES ('3b7e8f7d-83e7-4be7-8eb8-8a80118d5ad9', '46f71144-7c40-43db-9bc7-f55961dd30cd', '7b6da2f8-d236-41e2-9a53-32406f347dc2', 'PED-68051', 'en_ruta', 36486.42999999999, '0f724f4f-7079-4785-9f0a-005e6f5700dc');
INSERT INTO public.detalles_pedido (id, empresa_id, pedido_id, producto_id, cantidad, precio_unitario) VALUES ('565bc9b3-3b6f-4d65-aa86-214d8aa07cc6', '46f71144-7c40-43db-9bc7-f55961dd30cd', '3b7e8f7d-83e7-4be7-8eb8-8a80118d5ad9', '61424f51-0434-480a-bdd0-654e5cb4be91', 10, 647.7);
INSERT INTO public.detalles_pedido (id, empresa_id, pedido_id, producto_id, cantidad, precio_unitario) VALUES ('c6641b12-da73-4c51-a71b-08fee3b1ce32', '46f71144-7c40-43db-9bc7-f55961dd30cd', '3b7e8f7d-83e7-4be7-8eb8-8a80118d5ad9', 'db4a3a7f-7ac8-4303-8ec4-0222fdf8fa1f', 5, 291.27000000000004);
INSERT INTO public.detalles_pedido (id, empresa_id, pedido_id, producto_id, cantidad, precio_unitario) VALUES ('7fc4dced-79d6-42d6-979b-24c9942e6c21', '46f71144-7c40-43db-9bc7-f55961dd30cd', '3b7e8f7d-83e7-4be7-8eb8-8a80118d5ad9', 'c06c71a3-8671-4ff5-869e-a4b272951031', 20, 1192.86);
INSERT INTO public.detalles_pedido (id, empresa_id, pedido_id, producto_id, cantidad, precio_unitario) VALUES ('67984dca-c50a-4e3e-afd3-7250f522bc1b', '46f71144-7c40-43db-9bc7-f55961dd30cd', '3b7e8f7d-83e7-4be7-8eb8-8a80118d5ad9', '23df18a8-2aa4-4633-8ac5-ad2fbf0e5e6f', 7, 670.84);
INSERT INTO public.pedidos (id, empresa_id, cliente_id, numero, estado, total, creado_por) VALUES ('e076558a-46e9-4bc4-a7fb-f5ce8782891d', '46f71144-7c40-43db-9bc7-f55961dd30cd', 'd119dd7c-c245-4c00-ba12-4f0b6e947161', 'PED-52724', 'borrador', 23554.5, '257a311d-f2ef-4b47-9292-57e04126bb11');
INSERT INTO public.detalles_pedido (id, empresa_id, pedido_id, producto_id, cantidad, precio_unitario) VALUES ('042d1914-63cc-4619-b73f-6b2dac4bbc9b', '46f71144-7c40-43db-9bc7-f55961dd30cd', 'e076558a-46e9-4bc4-a7fb-f5ce8782891d', 'a40f80c5-0e06-42ad-9160-f7df48bb3b70', 20, 954.6);
INSERT INTO public.detalles_pedido (id, empresa_id, pedido_id, producto_id, cantidad, precio_unitario) VALUES ('1242f94f-d3a2-44eb-aa03-c4e9d6e44632', '46f71144-7c40-43db-9bc7-f55961dd30cd', 'e076558a-46e9-4bc4-a7fb-f5ce8782891d', 'e7803369-d98b-45c5-a4b7-63854268bea2', 7, 637.5);
INSERT INTO public.pedidos (id, empresa_id, cliente_id, numero, estado, total, creado_por) VALUES ('f7e413db-cabc-4f54-ac80-37cad89e3020', '46f71144-7c40-43db-9bc7-f55961dd30cd', '34de18ed-d113-401c-8593-f58af37195aa', 'PED-25518', 'procesado', 33616.42999999999, '8da403ce-76b3-4c83-bc23-d83b3f66b80d');
INSERT INTO public.detalles_pedido (id, empresa_id, pedido_id, producto_id, cantidad, precio_unitario) VALUES ('521c115a-7b43-4f7f-a6a9-e13b0721b730', '46f71144-7c40-43db-9bc7-f55961dd30cd', 'f7e413db-cabc-4f54-ac80-37cad89e3020', '80835522-ebca-4012-aa43-26cab5c5ef06', 10, 930.93);
INSERT INTO public.detalles_pedido (id, empresa_id, pedido_id, producto_id, cantidad, precio_unitario) VALUES ('7279d757-0c80-49b3-989b-b3beb768435c', '46f71144-7c40-43db-9bc7-f55961dd30cd', 'f7e413db-cabc-4f54-ac80-37cad89e3020', '1f6be8d3-ac32-4f31-93c9-62e75cfc199e', 8, 1165.6);
INSERT INTO public.detalles_pedido (id, empresa_id, pedido_id, producto_id, cantidad, precio_unitario) VALUES ('a098dbc4-343c-48c7-8805-417f8fde50d1', '46f71144-7c40-43db-9bc7-f55961dd30cd', 'f7e413db-cabc-4f54-ac80-37cad89e3020', 'e83ca89e-a18b-4899-89c2-ae46b6384c8e', 15, 491.52);
INSERT INTO public.detalles_pedido (id, empresa_id, pedido_id, producto_id, cantidad, precio_unitario) VALUES ('905eca52-509a-4355-9b64-c86c1e593b9d', '46f71144-7c40-43db-9bc7-f55961dd30cd', 'f7e413db-cabc-4f54-ac80-37cad89e3020', 'ac47dd37-8472-4e87-84f5-1679217cecc5', 7, 640.92);
INSERT INTO public.detalles_pedido (id, empresa_id, pedido_id, producto_id, cantidad, precio_unitario) VALUES ('55a0af9b-79cf-4a95-a4ec-c4258eef3c98', '46f71144-7c40-43db-9bc7-f55961dd30cd', 'f7e413db-cabc-4f54-ac80-37cad89e3020', '52b7c671-ccf3-452c-8a18-eaf63e0c99d9', 9, 347.01);
INSERT INTO public.pedidos (id, empresa_id, cliente_id, numero, estado, total, creado_por) VALUES ('0bffd61d-aa94-4555-9353-67e034c98f6d', '46f71144-7c40-43db-9bc7-f55961dd30cd', '3729279a-38de-452b-b7b3-99ac580595c5', 'PED-44835', 'procesado', 29292.18, '8da403ce-76b3-4c83-bc23-d83b3f66b80d');
INSERT INTO public.detalles_pedido (id, empresa_id, pedido_id, producto_id, cantidad, precio_unitario) VALUES ('2f6e92ff-075e-4440-a91f-8312de8b6591', '46f71144-7c40-43db-9bc7-f55961dd30cd', '0bffd61d-aa94-4555-9353-67e034c98f6d', 'ea7c3dde-12f5-4d27-a4f5-a12ea21fcf89', 12, 674.6700000000001);
INSERT INTO public.detalles_pedido (id, empresa_id, pedido_id, producto_id, cantidad, precio_unitario) VALUES ('82020e58-d080-4e4a-92e1-6354752f438d', '46f71144-7c40-43db-9bc7-f55961dd30cd', '0bffd61d-aa94-4555-9353-67e034c98f6d', '1f6be8d3-ac32-4f31-93c9-62e75cfc199e', 12, 1165.6);
INSERT INTO public.detalles_pedido (id, empresa_id, pedido_id, producto_id, cantidad, precio_unitario) VALUES ('172b3b1a-3bc0-47c0-b30d-a1c601302f8b', '46f71144-7c40-43db-9bc7-f55961dd30cd', '0bffd61d-aa94-4555-9353-67e034c98f6d', 'e83ca89e-a18b-4899-89c2-ae46b6384c8e', 4, 491.52);
INSERT INTO public.detalles_pedido (id, empresa_id, pedido_id, producto_id, cantidad, precio_unitario) VALUES ('e0b41aea-0b68-47b5-bcb2-8265c7306336', '46f71144-7c40-43db-9bc7-f55961dd30cd', '0bffd61d-aa94-4555-9353-67e034c98f6d', 'db4a3a7f-7ac8-4303-8ec4-0222fdf8fa1f', 11, 291.27000000000004);
INSERT INTO public.detalles_pedido (id, empresa_id, pedido_id, producto_id, cantidad, precio_unitario) VALUES ('7580247f-52ce-4586-9d3c-d2d0a7fb6542', '46f71144-7c40-43db-9bc7-f55961dd30cd', '0bffd61d-aa94-4555-9353-67e034c98f6d', 'db4a3a7f-7ac8-4303-8ec4-0222fdf8fa1f', 7, 291.27000000000004);
INSERT INTO public.pedidos (id, empresa_id, cliente_id, numero, estado, total, creado_por) VALUES ('d93d3103-314a-49ef-9aa2-aa3e7ec856c4', '46f71144-7c40-43db-9bc7-f55961dd30cd', 'cc735f0c-5e2c-4cb7-9fc0-d931d4e4ff80', 'PED-40331', 'entregado', 28168.32, '8da403ce-76b3-4c83-bc23-d83b3f66b80d');
INSERT INTO public.detalles_pedido (id, empresa_id, pedido_id, producto_id, cantidad, precio_unitario) VALUES ('4ce89e5b-40f7-439a-97a0-8f4ed6eed334', '46f71144-7c40-43db-9bc7-f55961dd30cd', 'd93d3103-314a-49ef-9aa2-aa3e7ec856c4', 'aee19d0f-d394-42a1-b19e-9ab644e05fc9', 13, 72.60000000000001);
INSERT INTO public.detalles_pedido (id, empresa_id, pedido_id, producto_id, cantidad, precio_unitario) VALUES ('61311269-a16c-42dc-9ebf-dfa131fbf3a7', '46f71144-7c40-43db-9bc7-f55961dd30cd', 'd93d3103-314a-49ef-9aa2-aa3e7ec856c4', '5a712694-c630-4b22-92c5-aa3aec7a8d7f', 13, 1215.84);
INSERT INTO public.detalles_pedido (id, empresa_id, pedido_id, producto_id, cantidad, precio_unitario) VALUES ('66c6c7fa-3800-4e3f-a932-075b49f30725', '46f71144-7c40-43db-9bc7-f55961dd30cd', 'd93d3103-314a-49ef-9aa2-aa3e7ec856c4', '8a44ca95-b1b6-4613-a5fe-5d301402e19a', 9, 1109.4);
INSERT INTO public.detalles_pedido (id, empresa_id, pedido_id, producto_id, cantidad, precio_unitario) VALUES ('7b1763cb-3b93-4226-be3d-a80a260f0770', '46f71144-7c40-43db-9bc7-f55961dd30cd', 'd93d3103-314a-49ef-9aa2-aa3e7ec856c4', '0dcd244c-8902-44a8-84da-cb4c4a4dbca7', 9, 118.99999999999999);
INSERT INTO public.detalles_pedido (id, empresa_id, pedido_id, producto_id, cantidad, precio_unitario) VALUES ('b4f01a74-a45f-4137-b38e-66c71a2575ac', '46f71144-7c40-43db-9bc7-f55961dd30cd', 'd93d3103-314a-49ef-9aa2-aa3e7ec856c4', 'aee19d0f-d394-42a1-b19e-9ab644e05fc9', 5, 72.60000000000001);
INSERT INTO public.pedidos (id, empresa_id, cliente_id, numero, estado, total, creado_por) VALUES ('055f69fa-cfee-4b12-a71c-22afa9be432f', '46f71144-7c40-43db-9bc7-f55961dd30cd', '1f568829-45a2-4f62-bc23-4376ecafb11c', 'PED-21155', 'cancelado', 4670.950000000001, 'a6b9c66c-f449-4529-ba57-8022d6efce63');
INSERT INTO public.detalles_pedido (id, empresa_id, pedido_id, producto_id, cantidad, precio_unitario) VALUES ('bc908488-3e65-493a-ba52-40cbab105f0f', '46f71144-7c40-43db-9bc7-f55961dd30cd', '055f69fa-cfee-4b12-a71c-22afa9be432f', 'ea7c3dde-12f5-4d27-a4f5-a12ea21fcf89', 5, 674.6700000000001);
INSERT INTO public.detalles_pedido (id, empresa_id, pedido_id, producto_id, cantidad, precio_unitario) VALUES ('dd8adde0-a0da-4781-88ec-1b9bdca9b990', '46f71144-7c40-43db-9bc7-f55961dd30cd', '055f69fa-cfee-4b12-a71c-22afa9be432f', 'c5d59ae0-4f64-4ab3-a082-369b097eb88e', 3, 64.48);
INSERT INTO public.detalles_pedido (id, empresa_id, pedido_id, producto_id, cantidad, precio_unitario) VALUES ('be37f551-4096-42c0-b444-529d3f0d5b2c', '46f71144-7c40-43db-9bc7-f55961dd30cd', '055f69fa-cfee-4b12-a71c-22afa9be432f', '67e6fb80-2ca0-4297-af88-db6efc2d0180', 4, 276.04);
INSERT INTO public.pedidos (id, empresa_id, cliente_id, numero, estado, total, creado_por) VALUES ('3916d490-3182-4a7c-8d71-b276eceb5f40', '46f71144-7c40-43db-9bc7-f55961dd30cd', 'bf10bd76-c258-44a9-b20a-d5548baad4a2', 'PED-28819', 'cancelado', 9067.800000000001, '0f724f4f-7079-4785-9f0a-005e6f5700dc');
INSERT INTO public.detalles_pedido (id, empresa_id, pedido_id, producto_id, cantidad, precio_unitario) VALUES ('f13c2080-c00d-4e91-8b96-219f0bdcb43b', '46f71144-7c40-43db-9bc7-f55961dd30cd', '3916d490-3182-4a7c-8d71-b276eceb5f40', '61424f51-0434-480a-bdd0-654e5cb4be91', 14, 647.7);
INSERT INTO public.pedidos (id, empresa_id, cliente_id, numero, estado, total, creado_por) VALUES ('9e49c966-8987-444f-8748-0e1879e37919', '46f71144-7c40-43db-9bc7-f55961dd30cd', '7b6da2f8-d236-41e2-9a53-32406f347dc2', 'PED-64318', 'en_ruta', 41202.54, '8da403ce-76b3-4c83-bc23-d83b3f66b80d');
INSERT INTO public.detalles_pedido (id, empresa_id, pedido_id, producto_id, cantidad, precio_unitario) VALUES ('2f3ae609-efa3-40dc-8a32-60ec32ef0dd5', '46f71144-7c40-43db-9bc7-f55961dd30cd', '9e49c966-8987-444f-8748-0e1879e37919', '5814a3c5-8d99-463c-8add-73c2e18a0346', 1, 838.5);
INSERT INTO public.detalles_pedido (id, empresa_id, pedido_id, producto_id, cantidad, precio_unitario) VALUES ('024131e3-ae95-4cf6-acc3-994e859415cc', '46f71144-7c40-43db-9bc7-f55961dd30cd', '9e49c966-8987-444f-8748-0e1879e37919', 'ac47dd37-8472-4e87-84f5-1679217cecc5', 11, 640.92);
INSERT INTO public.detalles_pedido (id, empresa_id, pedido_id, producto_id, cantidad, precio_unitario) VALUES ('e4cb2d24-83c0-4e7c-9218-45a942d8afd4', '46f71144-7c40-43db-9bc7-f55961dd30cd', '9e49c966-8987-444f-8748-0e1879e37919', '5a712694-c630-4b22-92c5-aa3aec7a8d7f', 8, 1215.84);
INSERT INTO public.detalles_pedido (id, empresa_id, pedido_id, producto_id, cantidad, precio_unitario) VALUES ('643e26de-0e74-4789-9e9b-8865ec8c3e42', '46f71144-7c40-43db-9bc7-f55961dd30cd', '9e49c966-8987-444f-8748-0e1879e37919', '61424f51-0434-480a-bdd0-654e5cb4be91', 18, 647.7);
INSERT INTO public.detalles_pedido (id, empresa_id, pedido_id, producto_id, cantidad, precio_unitario) VALUES ('075d474f-76f8-4c40-8d9f-0fa57e0aa413', '46f71144-7c40-43db-9bc7-f55961dd30cd', '9e49c966-8987-444f-8748-0e1879e37919', 'c06c71a3-8671-4ff5-869e-a4b272951031', 10, 1192.86);
INSERT INTO public.pedidos (id, empresa_id, cliente_id, numero, estado, total, creado_por) VALUES ('3486bd37-560e-4952-b267-bf46010860a5', '46f71144-7c40-43db-9bc7-f55961dd30cd', 'cc735f0c-5e2c-4cb7-9fc0-d931d4e4ff80', 'PED-48421', 'entregado', 17227.850000000002, 'a6b9c66c-f449-4529-ba57-8022d6efce63');
INSERT INTO public.detalles_pedido (id, empresa_id, pedido_id, producto_id, cantidad, precio_unitario) VALUES ('62571136-05b3-4a50-85b2-d2667dbc91db', '46f71144-7c40-43db-9bc7-f55961dd30cd', '3486bd37-560e-4952-b267-bf46010860a5', '61424f51-0434-480a-bdd0-654e5cb4be91', 19, 647.7);
INSERT INTO public.detalles_pedido (id, empresa_id, pedido_id, producto_id, cantidad, precio_unitario) VALUES ('328f8fb1-fed0-4ead-a1be-d0f90001986e', '46f71144-7c40-43db-9bc7-f55961dd30cd', '3486bd37-560e-4952-b267-bf46010860a5', '28393d5a-8982-4308-a852-f3ee57823263', 1, 476.19);
INSERT INTO public.detalles_pedido (id, empresa_id, pedido_id, producto_id, cantidad, precio_unitario) VALUES ('26d99260-833e-4d94-a78e-44b419e1897b', '46f71144-7c40-43db-9bc7-f55961dd30cd', '3486bd37-560e-4952-b267-bf46010860a5', 'aee19d0f-d394-42a1-b19e-9ab644e05fc9', 8, 72.60000000000001);
INSERT INTO public.detalles_pedido (id, empresa_id, pedido_id, producto_id, cantidad, precio_unitario) VALUES ('16c6e378-0646-4ede-ba91-eda3e6521976', '46f71144-7c40-43db-9bc7-f55961dd30cd', '3486bd37-560e-4952-b267-bf46010860a5', '67e6fb80-2ca0-4297-af88-db6efc2d0180', 14, 276.04);
INSERT INTO public.pedidos (id, empresa_id, cliente_id, numero, estado, total, creado_por) VALUES ('f7f3242a-ecb3-4cab-a26b-517220ff43c3', '46f71144-7c40-43db-9bc7-f55961dd30cd', 'cc735f0c-5e2c-4cb7-9fc0-d931d4e4ff80', 'PED-61573', 'en_ruta', 46515.3, '257a311d-f2ef-4b47-9292-57e04126bb11');
INSERT INTO public.detalles_pedido (id, empresa_id, pedido_id, producto_id, cantidad, precio_unitario) VALUES ('94f2ea04-f6f1-4568-a898-f7a10f11b0de', '46f71144-7c40-43db-9bc7-f55961dd30cd', 'f7f3242a-ecb3-4cab-a26b-517220ff43c3', 'c06c71a3-8671-4ff5-869e-a4b272951031', 20, 1192.86);
INSERT INTO public.detalles_pedido (id, empresa_id, pedido_id, producto_id, cantidad, precio_unitario) VALUES ('a5c3328f-158c-4f3e-b713-7987758057f0', '46f71144-7c40-43db-9bc7-f55961dd30cd', 'f7f3242a-ecb3-4cab-a26b-517220ff43c3', '80835522-ebca-4012-aa43-26cab5c5ef06', 10, 930.93);
INSERT INTO public.detalles_pedido (id, empresa_id, pedido_id, producto_id, cantidad, precio_unitario) VALUES ('3ec632ff-455c-4051-b35c-6fa217012b34', '46f71144-7c40-43db-9bc7-f55961dd30cd', 'f7f3242a-ecb3-4cab-a26b-517220ff43c3', '28393d5a-8982-4308-a852-f3ee57823263', 20, 476.19);
INSERT INTO public.detalles_pedido (id, empresa_id, pedido_id, producto_id, cantidad, precio_unitario) VALUES ('5cf1f1d0-b1c5-417c-8528-ed147d805e86', '46f71144-7c40-43db-9bc7-f55961dd30cd', 'f7f3242a-ecb3-4cab-a26b-517220ff43c3', 'e7803369-d98b-45c5-a4b7-63854268bea2', 6, 637.5);
INSERT INTO public.pedidos (id, empresa_id, cliente_id, numero, estado, total, creado_por) VALUES ('023a57eb-4ff5-49ce-8cbd-e31ff30ce677', '46f71144-7c40-43db-9bc7-f55961dd30cd', '6431f43e-1db9-4fac-967c-3d954fd5001c', 'PED-27390', 'borrador', 15643.439999999999, 'a37b5ff1-84e8-4ab0-8d26-41384a161135');
INSERT INTO public.detalles_pedido (id, empresa_id, pedido_id, producto_id, cantidad, precio_unitario) VALUES ('5bf795bf-33ac-4429-a8a3-0e6f6fbf9adb', '46f71144-7c40-43db-9bc7-f55961dd30cd', '023a57eb-4ff5-49ce-8cbd-e31ff30ce677', '1f6be8d3-ac32-4f31-93c9-62e75cfc199e', 12, 1165.6);
INSERT INTO public.detalles_pedido (id, empresa_id, pedido_id, producto_id, cantidad, precio_unitario) VALUES ('c8325964-511b-486c-a21c-23504a5b48d6', '46f71144-7c40-43db-9bc7-f55961dd30cd', '023a57eb-4ff5-49ce-8cbd-e31ff30ce677', '67e6fb80-2ca0-4297-af88-db6efc2d0180', 6, 276.04);
INSERT INTO public.pedidos (id, empresa_id, cliente_id, numero, estado, total, creado_por) VALUES ('e095b29a-2a41-431c-9e20-8ac439e4d64d', '46f71144-7c40-43db-9bc7-f55961dd30cd', '6431f43e-1db9-4fac-967c-3d954fd5001c', 'PED-60375', 'cancelado', 40168.05, 'a37b5ff1-84e8-4ab0-8d26-41384a161135');
INSERT INTO public.detalles_pedido (id, empresa_id, pedido_id, producto_id, cantidad, precio_unitario) VALUES ('226e58c4-357b-404d-966e-c5b14e88d950', '46f71144-7c40-43db-9bc7-f55961dd30cd', 'e095b29a-2a41-431c-9e20-8ac439e4d64d', 'db4a3a7f-7ac8-4303-8ec4-0222fdf8fa1f', 10, 291.27000000000004);
INSERT INTO public.detalles_pedido (id, empresa_id, pedido_id, producto_id, cantidad, precio_unitario) VALUES ('00947815-a19c-42ae-8a00-ef10f107fd37', '46f71144-7c40-43db-9bc7-f55961dd30cd', 'e095b29a-2a41-431c-9e20-8ac439e4d64d', '61424f51-0434-480a-bdd0-654e5cb4be91', 17, 647.7);
INSERT INTO public.detalles_pedido (id, empresa_id, pedido_id, producto_id, cantidad, precio_unitario) VALUES ('7cda27ce-5d69-4fbc-bc0b-4e59e799d424', '46f71144-7c40-43db-9bc7-f55961dd30cd', 'e095b29a-2a41-431c-9e20-8ac439e4d64d', 'ac47dd37-8472-4e87-84f5-1679217cecc5', 18, 640.92);
INSERT INTO public.detalles_pedido (id, empresa_id, pedido_id, producto_id, cantidad, precio_unitario) VALUES ('e1967c70-be63-4de3-926a-6bdbd5be49ff', '46f71144-7c40-43db-9bc7-f55961dd30cd', 'e095b29a-2a41-431c-9e20-8ac439e4d64d', 'ea7c3dde-12f5-4d27-a4f5-a12ea21fcf89', 17, 674.6700000000001);
INSERT INTO public.detalles_pedido (id, empresa_id, pedido_id, producto_id, cantidad, precio_unitario) VALUES ('bdad99da-d6b2-4924-9d76-bf1f394593ab', '46f71144-7c40-43db-9bc7-f55961dd30cd', 'e095b29a-2a41-431c-9e20-8ac439e4d64d', '61424f51-0434-480a-bdd0-654e5cb4be91', 5, 647.7);
INSERT INTO public.pedidos (id, empresa_id, cliente_id, numero, estado, total, creado_por) VALUES ('a77c692c-4f34-4318-8859-5cb9a16ad9ff', '46f71144-7c40-43db-9bc7-f55961dd30cd', 'c37f277d-a291-4473-b40e-81bb6d1a7eca', 'PED-18623', 'en_ruta', 20551.66, '0f724f4f-7079-4785-9f0a-005e6f5700dc');
INSERT INTO public.detalles_pedido (id, empresa_id, pedido_id, producto_id, cantidad, precio_unitario) VALUES ('e60b33ba-7dfd-4451-a04d-1c2f75dc8558', '46f71144-7c40-43db-9bc7-f55961dd30cd', 'a77c692c-4f34-4318-8859-5cb9a16ad9ff', '23df18a8-2aa4-4633-8ac5-ad2fbf0e5e6f', 14, 670.84);
INSERT INTO public.detalles_pedido (id, empresa_id, pedido_id, producto_id, cantidad, precio_unitario) VALUES ('3667cc0e-f151-4ce5-a0ca-c6b9ebd5c900', '46f71144-7c40-43db-9bc7-f55961dd30cd', 'a77c692c-4f34-4318-8859-5cb9a16ad9ff', 'c5d59ae0-4f64-4ab3-a082-369b097eb88e', 5, 64.48);
INSERT INTO public.detalles_pedido (id, empresa_id, pedido_id, producto_id, cantidad, precio_unitario) VALUES ('667e9c2c-4770-4aed-bcb2-8a89bdc0f57f', '46f71144-7c40-43db-9bc7-f55961dd30cd', 'a77c692c-4f34-4318-8859-5cb9a16ad9ff', 'e7803369-d98b-45c5-a4b7-63854268bea2', 17, 637.5);
INSERT INTO public.pedidos (id, empresa_id, cliente_id, numero, estado, total, creado_por) VALUES ('b4b5ae5d-d321-483c-af5f-d826e534909a', '46f71144-7c40-43db-9bc7-f55961dd30cd', '34de18ed-d113-401c-8593-f58af37195aa', 'PED-15808', 'borrador', 21142.42, '8da403ce-76b3-4c83-bc23-d83b3f66b80d');
INSERT INTO public.detalles_pedido (id, empresa_id, pedido_id, producto_id, cantidad, precio_unitario) VALUES ('ccda1b2a-fdda-4bc7-ba98-a9289b3650c4', '46f71144-7c40-43db-9bc7-f55961dd30cd', 'b4b5ae5d-d321-483c-af5f-d826e534909a', 'e83ca89e-a18b-4899-89c2-ae46b6384c8e', 12, 491.52);
INSERT INTO public.detalles_pedido (id, empresa_id, pedido_id, producto_id, cantidad, precio_unitario) VALUES ('98a960a6-170c-4d0a-8f59-328109ce28df', '46f71144-7c40-43db-9bc7-f55961dd30cd', 'b4b5ae5d-d321-483c-af5f-d826e534909a', 'e83ca89e-a18b-4899-89c2-ae46b6384c8e', 4, 491.52);
INSERT INTO public.detalles_pedido (id, empresa_id, pedido_id, producto_id, cantidad, precio_unitario) VALUES ('9a205a98-097b-41c1-853b-a1eba15784f8', '46f71144-7c40-43db-9bc7-f55961dd30cd', 'b4b5ae5d-d321-483c-af5f-d826e534909a', 'e7803369-d98b-45c5-a4b7-63854268bea2', 19, 637.5);
INSERT INTO public.detalles_pedido (id, empresa_id, pedido_id, producto_id, cantidad, precio_unitario) VALUES ('2ce41fad-fd64-4347-b53d-82af0f80d2dc', '46f71144-7c40-43db-9bc7-f55961dd30cd', 'b4b5ae5d-d321-483c-af5f-d826e534909a', '1f6be8d3-ac32-4f31-93c9-62e75cfc199e', 1, 1165.6);
INSERT INTO public.pedidos (id, empresa_id, cliente_id, numero, estado, total, creado_por) VALUES ('8e4cfb0d-ddc1-4640-9640-8d8929dd3920', '46f71144-7c40-43db-9bc7-f55961dd30cd', '7b6da2f8-d236-41e2-9a53-32406f347dc2', 'PED-82137', 'entregado', 29339.19, '0f724f4f-7079-4785-9f0a-005e6f5700dc');
INSERT INTO public.detalles_pedido (id, empresa_id, pedido_id, producto_id, cantidad, precio_unitario) VALUES ('7b1ae2ee-1c39-4faf-96b2-6cfa0060e3e7', '46f71144-7c40-43db-9bc7-f55961dd30cd', '8e4cfb0d-ddc1-4640-9640-8d8929dd3920', '1f6be8d3-ac32-4f31-93c9-62e75cfc199e', 8, 1165.6);
INSERT INTO public.detalles_pedido (id, empresa_id, pedido_id, producto_id, cantidad, precio_unitario) VALUES ('2fc8f822-d64d-4490-9474-cd720ca60afb', '46f71144-7c40-43db-9bc7-f55961dd30cd', '8e4cfb0d-ddc1-4640-9640-8d8929dd3920', '67e6fb80-2ca0-4297-af88-db6efc2d0180', 18, 276.04);
INSERT INTO public.detalles_pedido (id, empresa_id, pedido_id, producto_id, cantidad, precio_unitario) VALUES ('75b7ce28-9b75-4a45-ae07-4dfffc8f130e', '46f71144-7c40-43db-9bc7-f55961dd30cd', '8e4cfb0d-ddc1-4640-9640-8d8929dd3920', '52b7c671-ccf3-452c-8a18-eaf63e0c99d9', 15, 347.01);
INSERT INTO public.detalles_pedido (id, empresa_id, pedido_id, producto_id, cantidad, precio_unitario) VALUES ('7fa9e0ba-e47e-4b2c-ba00-1e1943237b22', '46f71144-7c40-43db-9bc7-f55961dd30cd', '8e4cfb0d-ddc1-4640-9640-8d8929dd3920', '23df18a8-2aa4-4633-8ac5-ad2fbf0e5e6f', 4, 670.84);
INSERT INTO public.detalles_pedido (id, empresa_id, pedido_id, producto_id, cantidad, precio_unitario) VALUES ('f1f3ad11-12fb-49f3-a85d-57eb52612ed7', '46f71144-7c40-43db-9bc7-f55961dd30cd', '8e4cfb0d-ddc1-4640-9640-8d8929dd3920', 'c06c71a3-8671-4ff5-869e-a4b272951031', 6, 1192.86);
INSERT INTO public.pedidos (id, empresa_id, cliente_id, numero, estado, total, creado_por) VALUES ('91038cdd-37bd-49ba-b50c-827e6a90c081', '46f71144-7c40-43db-9bc7-f55961dd30cd', '58c670a0-c87e-414f-8a1d-c0c08cff49ad', 'PED-96432', 'en_ruta', 3817.1099999999997, '8da403ce-76b3-4c83-bc23-d83b3f66b80d');
INSERT INTO public.detalles_pedido (id, empresa_id, pedido_id, producto_id, cantidad, precio_unitario) VALUES ('0f880d7c-0d5f-4ade-a3ec-536b0657700e', '46f71144-7c40-43db-9bc7-f55961dd30cd', '91038cdd-37bd-49ba-b50c-827e6a90c081', '52b7c671-ccf3-452c-8a18-eaf63e0c99d9', 11, 347.01);
INSERT INTO public.pedidos (id, empresa_id, cliente_id, numero, estado, total, creado_por) VALUES ('93855b9d-c892-4f83-ab0c-ce1bf3b89b1c', '46f71144-7c40-43db-9bc7-f55961dd30cd', '3729279a-38de-452b-b7b3-99ac580595c5', 'PED-70746', 'entregado', 2385.72, '8da403ce-76b3-4c83-bc23-d83b3f66b80d');
INSERT INTO public.detalles_pedido (id, empresa_id, pedido_id, producto_id, cantidad, precio_unitario) VALUES ('4537505a-aa73-4cb1-a063-502fa90f795a', '46f71144-7c40-43db-9bc7-f55961dd30cd', '93855b9d-c892-4f83-ab0c-ce1bf3b89b1c', 'c06c71a3-8671-4ff5-869e-a4b272951031', 2, 1192.86);
INSERT INTO public.pedidos (id, empresa_id, cliente_id, numero, estado, total, creado_por) VALUES ('0da07a08-d2cc-4452-a517-a74fc49c6ee2', '46f71144-7c40-43db-9bc7-f55961dd30cd', 'cc735f0c-5e2c-4cb7-9fc0-d931d4e4ff80', 'PED-43832', 'borrador', 6948.96, 'a37b5ff1-84e8-4ab0-8d26-41384a161135');
INSERT INTO public.detalles_pedido (id, empresa_id, pedido_id, producto_id, cantidad, precio_unitario) VALUES ('f5b8de12-a388-4b5d-97ee-311f9fe094af', '46f71144-7c40-43db-9bc7-f55961dd30cd', '0da07a08-d2cc-4452-a517-a74fc49c6ee2', '67e6fb80-2ca0-4297-af88-db6efc2d0180', 19, 276.04);
INSERT INTO public.detalles_pedido (id, empresa_id, pedido_id, producto_id, cantidad, precio_unitario) VALUES ('13c70baf-4c06-4fd4-9465-0ee28c4cac2f', '46f71144-7c40-43db-9bc7-f55961dd30cd', '0da07a08-d2cc-4452-a517-a74fc49c6ee2', 'aee19d0f-d394-42a1-b19e-9ab644e05fc9', 12, 72.60000000000001);
INSERT INTO public.detalles_pedido (id, empresa_id, pedido_id, producto_id, cantidad, precio_unitario) VALUES ('a6471181-679d-4c66-aa59-afc1b3804411', '46f71144-7c40-43db-9bc7-f55961dd30cd', '0da07a08-d2cc-4452-a517-a74fc49c6ee2', '0dcd244c-8902-44a8-84da-cb4c4a4dbca7', 7, 118.99999999999999);
INSERT INTO public.pedidos (id, empresa_id, cliente_id, numero, estado, total, creado_por) VALUES ('887557b7-b87c-4336-add4-d9f2f0eadbee', '46f71144-7c40-43db-9bc7-f55961dd30cd', '7b6da2f8-d236-41e2-9a53-32406f347dc2', 'PED-79343', 'borrador', 29744.519999999997, 'a37b5ff1-84e8-4ab0-8d26-41384a161135');
INSERT INTO public.detalles_pedido (id, empresa_id, pedido_id, producto_id, cantidad, precio_unitario) VALUES ('4be11d77-7f71-48ab-8a45-d0e8b741b67d', '46f71144-7c40-43db-9bc7-f55961dd30cd', '887557b7-b87c-4336-add4-d9f2f0eadbee', '5814a3c5-8d99-463c-8add-73c2e18a0346', 19, 838.5);
INSERT INTO public.detalles_pedido (id, empresa_id, pedido_id, producto_id, cantidad, precio_unitario) VALUES ('73ff79d9-d323-4100-b626-017da242c534', '46f71144-7c40-43db-9bc7-f55961dd30cd', '887557b7-b87c-4336-add4-d9f2f0eadbee', '5a712694-c630-4b22-92c5-aa3aec7a8d7f', 1, 1215.84);
INSERT INTO public.detalles_pedido (id, empresa_id, pedido_id, producto_id, cantidad, precio_unitario) VALUES ('568a9577-d97c-48a2-acda-8c28b0289593', '46f71144-7c40-43db-9bc7-f55961dd30cd', '887557b7-b87c-4336-add4-d9f2f0eadbee', 'ea7c3dde-12f5-4d27-a4f5-a12ea21fcf89', 2, 674.6700000000001);
INSERT INTO public.detalles_pedido (id, empresa_id, pedido_id, producto_id, cantidad, precio_unitario) VALUES ('6fcd081e-6ebd-4c4d-af6d-3da59307ab8c', '46f71144-7c40-43db-9bc7-f55961dd30cd', '887557b7-b87c-4336-add4-d9f2f0eadbee', '52b7c671-ccf3-452c-8a18-eaf63e0c99d9', 19, 347.01);
INSERT INTO public.detalles_pedido (id, empresa_id, pedido_id, producto_id, cantidad, precio_unitario) VALUES ('1f3db918-feb9-4fc1-9c78-2e8411892646', '46f71144-7c40-43db-9bc7-f55961dd30cd', '887557b7-b87c-4336-add4-d9f2f0eadbee', '80835522-ebca-4012-aa43-26cab5c5ef06', 5, 930.93);
INSERT INTO public.pedidos (id, empresa_id, cliente_id, numero, estado, total, creado_por) VALUES ('8c6fec3c-429c-402b-b3d3-75c804f4056d', '46f71144-7c40-43db-9bc7-f55961dd30cd', '4ee87aee-9ffc-4ce5-8d03-5a57173b89ec', 'PED-23009', 'procesado', 5765.11, 'a6b9c66c-f449-4529-ba57-8022d6efce63');
INSERT INTO public.detalles_pedido (id, empresa_id, pedido_id, producto_id, cantidad, precio_unitario) VALUES ('82b30596-d360-41aa-b1da-23161198b20a', '46f71144-7c40-43db-9bc7-f55961dd30cd', '8c6fec3c-429c-402b-b3d3-75c804f4056d', '28393d5a-8982-4308-a852-f3ee57823263', 1, 476.19);
INSERT INTO public.detalles_pedido (id, empresa_id, pedido_id, producto_id, cantidad, precio_unitario) VALUES ('2ee07660-8f36-441c-b4d6-bc3de36b3dbd', '46f71144-7c40-43db-9bc7-f55961dd30cd', '8c6fec3c-429c-402b-b3d3-75c804f4056d', '5814a3c5-8d99-463c-8add-73c2e18a0346', 6, 838.5);
INSERT INTO public.detalles_pedido (id, empresa_id, pedido_id, producto_id, cantidad, precio_unitario) VALUES ('43354b4b-e66b-4410-ba23-f186d9068470', '46f71144-7c40-43db-9bc7-f55961dd30cd', '8c6fec3c-429c-402b-b3d3-75c804f4056d', 'c5d59ae0-4f64-4ab3-a082-369b097eb88e', 4, 64.48);
INSERT INTO public.pedidos (id, empresa_id, cliente_id, numero, estado, total, creado_por) VALUES ('e464b22d-47d5-4dea-9d5c-25f91211cfcb', '46f71144-7c40-43db-9bc7-f55961dd30cd', '4ee87aee-9ffc-4ce5-8d03-5a57173b89ec', 'PED-85734', 'cancelado', 8918.91, 'a6b9c66c-f449-4529-ba57-8022d6efce63');
INSERT INTO public.detalles_pedido (id, empresa_id, pedido_id, producto_id, cantidad, precio_unitario) VALUES ('2de874b4-69ba-4239-b8e0-75b5aa917301', '46f71144-7c40-43db-9bc7-f55961dd30cd', 'e464b22d-47d5-4dea-9d5c-25f91211cfcb', '28393d5a-8982-4308-a852-f3ee57823263', 7, 476.19);
INSERT INTO public.detalles_pedido (id, empresa_id, pedido_id, producto_id, cantidad, precio_unitario) VALUES ('56ca8698-fabe-4907-a35e-2adc6b12c2ee', '46f71144-7c40-43db-9bc7-f55961dd30cd', 'e464b22d-47d5-4dea-9d5c-25f91211cfcb', '80835522-ebca-4012-aa43-26cab5c5ef06', 6, 930.93);
INSERT INTO public.pedidos (id, empresa_id, cliente_id, numero, estado, total, creado_por) VALUES ('f38a8969-c0cc-49ff-9967-648263c9f604', '46f71144-7c40-43db-9bc7-f55961dd30cd', '58c670a0-c87e-414f-8a1d-c0c08cff49ad', 'PED-11093', 'cancelado', 24476.960000000003, '0f724f4f-7079-4785-9f0a-005e6f5700dc');
INSERT INTO public.detalles_pedido (id, empresa_id, pedido_id, producto_id, cantidad, precio_unitario) VALUES ('74062ba6-30da-4dfd-ab99-a65c0c825107', '46f71144-7c40-43db-9bc7-f55961dd30cd', 'f38a8969-c0cc-49ff-9967-648263c9f604', '67e6fb80-2ca0-4297-af88-db6efc2d0180', 9, 276.04);
INSERT INTO public.detalles_pedido (id, empresa_id, pedido_id, producto_id, cantidad, precio_unitario) VALUES ('530bcf3f-bbbc-4a86-85e2-233cb2ef409a', '46f71144-7c40-43db-9bc7-f55961dd30cd', 'f38a8969-c0cc-49ff-9967-648263c9f604', '0dcd244c-8902-44a8-84da-cb4c4a4dbca7', 19, 118.99999999999999);
INSERT INTO public.detalles_pedido (id, empresa_id, pedido_id, producto_id, cantidad, precio_unitario) VALUES ('3e708db5-4d2f-4fbd-ba89-db11e4fc6586', '46f71144-7c40-43db-9bc7-f55961dd30cd', 'f38a8969-c0cc-49ff-9967-648263c9f604', 'ac47dd37-8472-4e87-84f5-1679217cecc5', 8, 640.92);
INSERT INTO public.detalles_pedido (id, empresa_id, pedido_id, producto_id, cantidad, precio_unitario) VALUES ('148850d9-1a71-4ca2-a118-5e759261ab0e', '46f71144-7c40-43db-9bc7-f55961dd30cd', 'f38a8969-c0cc-49ff-9967-648263c9f604', 'ea7c3dde-12f5-4d27-a4f5-a12ea21fcf89', 16, 674.6700000000001);
INSERT INTO public.detalles_pedido (id, empresa_id, pedido_id, producto_id, cantidad, precio_unitario) VALUES ('6afa1b66-c591-4888-89b2-051a6179402d', '46f71144-7c40-43db-9bc7-f55961dd30cd', 'f38a8969-c0cc-49ff-9967-648263c9f604', '28393d5a-8982-4308-a852-f3ee57823263', 8, 476.19);
INSERT INTO public.pedidos (id, empresa_id, cliente_id, numero, estado, total, creado_por) VALUES ('21d371d7-9ac2-4de3-aeab-f8270c3a1d17', '46f71144-7c40-43db-9bc7-f55961dd30cd', 'cc735f0c-5e2c-4cb7-9fc0-d931d4e4ff80', 'PED-32949', 'entregado', 50613.75, '8da403ce-76b3-4c83-bc23-d83b3f66b80d');
INSERT INTO public.detalles_pedido (id, empresa_id, pedido_id, producto_id, cantidad, precio_unitario) VALUES ('c30cdfcd-e2c9-4c3f-ac1a-33b91bab2ec6', '46f71144-7c40-43db-9bc7-f55961dd30cd', '21d371d7-9ac2-4de3-aeab-f8270c3a1d17', '1f6be8d3-ac32-4f31-93c9-62e75cfc199e', 12, 1165.6);
INSERT INTO public.detalles_pedido (id, empresa_id, pedido_id, producto_id, cantidad, precio_unitario) VALUES ('6986adbe-5608-4c48-940e-e7534926753c', '46f71144-7c40-43db-9bc7-f55961dd30cd', '21d371d7-9ac2-4de3-aeab-f8270c3a1d17', 'e7803369-d98b-45c5-a4b7-63854268bea2', 13, 637.5);
INSERT INTO public.detalles_pedido (id, empresa_id, pedido_id, producto_id, cantidad, precio_unitario) VALUES ('b51a1555-25a5-4340-bb4b-67356b01ece8', '46f71144-7c40-43db-9bc7-f55961dd30cd', '21d371d7-9ac2-4de3-aeab-f8270c3a1d17', '28393d5a-8982-4308-a852-f3ee57823263', 11, 476.19);
INSERT INTO public.detalles_pedido (id, empresa_id, pedido_id, producto_id, cantidad, precio_unitario) VALUES ('2f49fca0-6196-4828-a9ea-712b51e9e8b0', '46f71144-7c40-43db-9bc7-f55961dd30cd', '21d371d7-9ac2-4de3-aeab-f8270c3a1d17', '5a712694-c630-4b22-92c5-aa3aec7a8d7f', 19, 1215.84);
INSERT INTO public.pedidos (id, empresa_id, cliente_id, numero, estado, total, creado_por) VALUES ('a3dfa2b2-6d54-40f8-b564-0e1e99f11175', '46f71144-7c40-43db-9bc7-f55961dd30cd', '30c6bedc-070f-482c-a406-31468ec13e16', 'PED-50351', 'cancelado', 5100, 'a6b9c66c-f449-4529-ba57-8022d6efce63');
INSERT INTO public.detalles_pedido (id, empresa_id, pedido_id, producto_id, cantidad, precio_unitario) VALUES ('ece11b0a-9d33-442b-8993-87866327e4c1', '46f71144-7c40-43db-9bc7-f55961dd30cd', 'a3dfa2b2-6d54-40f8-b564-0e1e99f11175', 'e7803369-d98b-45c5-a4b7-63854268bea2', 8, 637.5);
INSERT INTO public.pedidos (id, empresa_id, cliente_id, numero, estado, total, creado_por) VALUES ('2a6dc44d-c4de-4b4c-99f8-4f8484ec4e75', '46f71144-7c40-43db-9bc7-f55961dd30cd', '24c82344-a7cb-421d-894a-d362aaf6c673', 'PED-87420', 'en_ruta', 7072.2, 'a37b5ff1-84e8-4ab0-8d26-41384a161135');
INSERT INTO public.detalles_pedido (id, empresa_id, pedido_id, producto_id, cantidad, precio_unitario) VALUES ('a2c71539-a1f0-484f-a3f1-de000ff3b942', '46f71144-7c40-43db-9bc7-f55961dd30cd', '2a6dc44d-c4de-4b4c-99f8-4f8484ec4e75', 'aee19d0f-d394-42a1-b19e-9ab644e05fc9', 12, 72.60000000000001);
INSERT INTO public.detalles_pedido (id, empresa_id, pedido_id, producto_id, cantidad, precio_unitario) VALUES ('9f416597-693a-4ae9-b2dd-0088b8b56faf', '46f71144-7c40-43db-9bc7-f55961dd30cd', '2a6dc44d-c4de-4b4c-99f8-4f8484ec4e75', 'a40f80c5-0e06-42ad-9160-f7df48bb3b70', 5, 954.6);
INSERT INTO public.detalles_pedido (id, empresa_id, pedido_id, producto_id, cantidad, precio_unitario) VALUES ('73a84252-23ac-4e30-9276-500ef94962ae', '46f71144-7c40-43db-9bc7-f55961dd30cd', '2a6dc44d-c4de-4b4c-99f8-4f8484ec4e75', '0dcd244c-8902-44a8-84da-cb4c4a4dbca7', 12, 118.99999999999999);
INSERT INTO public.pedidos (id, empresa_id, cliente_id, numero, estado, total, creado_por) VALUES ('3e1591aa-5f16-49d3-a4f6-e72edd163758', '46f71144-7c40-43db-9bc7-f55961dd30cd', '3729279a-38de-452b-b7b3-99ac580595c5', 'PED-48027', 'entregado', 31891.56, '257a311d-f2ef-4b47-9292-57e04126bb11');
INSERT INTO public.detalles_pedido (id, empresa_id, pedido_id, producto_id, cantidad, precio_unitario) VALUES ('0a287561-f73f-4253-9944-7d4812817100', '46f71144-7c40-43db-9bc7-f55961dd30cd', '3e1591aa-5f16-49d3-a4f6-e72edd163758', '5a712694-c630-4b22-92c5-aa3aec7a8d7f', 17, 1215.84);
INSERT INTO public.detalles_pedido (id, empresa_id, pedido_id, producto_id, cantidad, precio_unitario) VALUES ('86a9ad14-f853-4543-b945-f99d1bf6f8fa', '46f71144-7c40-43db-9bc7-f55961dd30cd', '3e1591aa-5f16-49d3-a4f6-e72edd163758', 'c5d59ae0-4f64-4ab3-a082-369b097eb88e', 6, 64.48);
INSERT INTO public.detalles_pedido (id, empresa_id, pedido_id, producto_id, cantidad, precio_unitario) VALUES ('79e8d01b-c585-4d87-865e-5c88f44aa98a', '46f71144-7c40-43db-9bc7-f55961dd30cd', '3e1591aa-5f16-49d3-a4f6-e72edd163758', '8a44ca95-b1b6-4613-a5fe-5d301402e19a', 8, 1109.4);
INSERT INTO public.detalles_pedido (id, empresa_id, pedido_id, producto_id, cantidad, precio_unitario) VALUES ('3394b5c7-aec8-4f38-b573-4397744e6591', '46f71144-7c40-43db-9bc7-f55961dd30cd', '3e1591aa-5f16-49d3-a4f6-e72edd163758', 'aee19d0f-d394-42a1-b19e-9ab644e05fc9', 19, 72.60000000000001);
INSERT INTO public.detalles_pedido (id, empresa_id, pedido_id, producto_id, cantidad, precio_unitario) VALUES ('b5420da5-7a1c-41bb-b007-ce6e8e89b832', '46f71144-7c40-43db-9bc7-f55961dd30cd', '3e1591aa-5f16-49d3-a4f6-e72edd163758', 'aee19d0f-d394-42a1-b19e-9ab644e05fc9', 8, 72.60000000000001);
INSERT INTO public.pedidos (id, empresa_id, cliente_id, numero, estado, total, creado_por) VALUES ('1ee98e04-c0ef-45f4-bdeb-00f0123adc7e', '46f71144-7c40-43db-9bc7-f55961dd30cd', 'bf10bd76-c258-44a9-b20a-d5548baad4a2', 'PED-94143', 'entregado', 40418.74, 'a6b9c66c-f449-4529-ba57-8022d6efce63');
INSERT INTO public.detalles_pedido (id, empresa_id, pedido_id, producto_id, cantidad, precio_unitario) VALUES ('082909c8-f37d-4957-8d13-4328111df0d3', '46f71144-7c40-43db-9bc7-f55961dd30cd', '1ee98e04-c0ef-45f4-bdeb-00f0123adc7e', 'e7803369-d98b-45c5-a4b7-63854268bea2', 17, 637.5);
INSERT INTO public.detalles_pedido (id, empresa_id, pedido_id, producto_id, cantidad, precio_unitario) VALUES ('bd71075f-5e47-4a0d-b0cf-4e412425ffb7', '46f71144-7c40-43db-9bc7-f55961dd30cd', '1ee98e04-c0ef-45f4-bdeb-00f0123adc7e', '1f6be8d3-ac32-4f31-93c9-62e75cfc199e', 10, 1165.6);
INSERT INTO public.detalles_pedido (id, empresa_id, pedido_id, producto_id, cantidad, precio_unitario) VALUES ('0c325e88-c2fa-48b8-a2f0-f25410adcad4', '46f71144-7c40-43db-9bc7-f55961dd30cd', '1ee98e04-c0ef-45f4-bdeb-00f0123adc7e', 'ac47dd37-8472-4e87-84f5-1679217cecc5', 17, 640.92);
INSERT INTO public.detalles_pedido (id, empresa_id, pedido_id, producto_id, cantidad, precio_unitario) VALUES ('caa293e8-feba-40bd-896c-297ed16e5765', '46f71144-7c40-43db-9bc7-f55961dd30cd', '1ee98e04-c0ef-45f4-bdeb-00f0123adc7e', 'e7803369-d98b-45c5-a4b7-63854268bea2', 6, 637.5);
INSERT INTO public.detalles_pedido (id, empresa_id, pedido_id, producto_id, cantidad, precio_unitario) VALUES ('2bd7d0be-cf94-4c1c-8e86-42db0a011a74', '46f71144-7c40-43db-9bc7-f55961dd30cd', '1ee98e04-c0ef-45f4-bdeb-00f0123adc7e', 'ac47dd37-8472-4e87-84f5-1679217cecc5', 5, 640.92);
-- FACTURAS
INSERT INTO public.facturas (id, empresa_id, pedido_id, numero, estado_pago, total, fecha_vencimiento) VALUES ('21e1a74e-848b-4d17-bdc5-c455e64611c9', '207bf963-c85e-4525-978e-a186455be7cd', '929b5458-3896-4ab4-9052-539cf2503c09', 'FAC-37014', 'pagada', 35032.72, CURRENT_DATE + integer '3');
INSERT INTO public.facturas (id, empresa_id, pedido_id, numero, estado_pago, total, fecha_vencimiento) VALUES ('b9d1f972-70dc-4427-9324-a28684cfaeb3', '207bf963-c85e-4525-978e-a186455be7cd', 'ca5afc23-553b-43f9-b00e-dfed1681003b', 'FAC-65796', 'pagada', 9719.36, CURRENT_DATE + integer '23');
INSERT INTO public.facturas (id, empresa_id, pedido_id, numero, estado_pago, total, fecha_vencimiento) VALUES ('323bf2de-9ca8-4d87-968d-137ccde5bfd6', '207bf963-c85e-4525-978e-a186455be7cd', '95262344-3496-4a59-a40c-63145171de86', 'FAC-93842', 'pagada', 3051.3999999999996, CURRENT_DATE + integer '12');
INSERT INTO public.facturas (id, empresa_id, pedido_id, numero, estado_pago, total, fecha_vencimiento) VALUES ('3119afff-3b45-4715-8dfa-676a6c8000c4', '207bf963-c85e-4525-978e-a186455be7cd', 'efa23f91-07ff-4609-9483-f15b35f0a4a4', 'FAC-15053', 'pendiente', 4111.2, CURRENT_DATE + integer '0');
INSERT INTO public.facturas (id, empresa_id, pedido_id, numero, estado_pago, total, fecha_vencimiento) VALUES ('93f9fa4f-79ab-4601-92dc-0edc6d026e54', '207bf963-c85e-4525-978e-a186455be7cd', '4af3aabe-d980-406c-8d7e-8db93d18a4e7', 'FAC-75313', 'pendiente', 25358.31, CURRENT_DATE + integer '17');
INSERT INTO public.facturas (id, empresa_id, pedido_id, numero, estado_pago, total, fecha_vencimiento) VALUES ('e85b7ea4-e6f3-4c08-870a-f4caca849588', '207bf963-c85e-4525-978e-a186455be7cd', '6cc5a26e-3573-4b87-bb33-704edbaa99e1', 'FAC-66664', 'pendiente', 4952.92, CURRENT_DATE + integer '19');
INSERT INTO public.facturas (id, empresa_id, pedido_id, numero, estado_pago, total, fecha_vencimiento) VALUES ('ac9f9582-40f5-4392-891f-86b59c5ecae1', '207bf963-c85e-4525-978e-a186455be7cd', '6ff1c1a6-dca9-4735-aedd-07ef14dc5039', 'FAC-52504', 'pendiente', 37947.66, CURRENT_DATE + integer '23');
INSERT INTO public.facturas (id, empresa_id, pedido_id, numero, estado_pago, total, fecha_vencimiento) VALUES ('109e95ad-604a-4898-b07f-7ccfe403cb68', '207bf963-c85e-4525-978e-a186455be7cd', 'fb08f8d3-a717-4275-a00a-86b0685c0d8d', 'FAC-32940', 'pendiente', 57620.619999999995, CURRENT_DATE + integer '6');
INSERT INTO public.facturas (id, empresa_id, pedido_id, numero, estado_pago, total, fecha_vencimiento) VALUES ('ca454de7-7189-43e6-8be3-708490ee3780', '207bf963-c85e-4525-978e-a186455be7cd', 'add23158-4b5f-43c0-80f9-d1a42c16de1b', 'FAC-30992', 'pagada', 31403.289999999997, CURRENT_DATE + integer '14');
INSERT INTO public.facturas (id, empresa_id, pedido_id, numero, estado_pago, total, fecha_vencimiento) VALUES ('88bace9f-95bb-40c3-a6ec-cf5c75fef1ea', '207bf963-c85e-4525-978e-a186455be7cd', '45e4c0a5-513d-435e-8b51-9707e0126ed5', 'FAC-76829', 'pagada', 47748.45, CURRENT_DATE + integer '10');
INSERT INTO public.facturas (id, empresa_id, pedido_id, numero, estado_pago, total, fecha_vencimiento) VALUES ('101646b0-05bf-4b76-9a7f-9437b1a357ae', '207bf963-c85e-4525-978e-a186455be7cd', 'ee0a3161-bdce-46e6-b494-672315ca0f41', 'FAC-32185', 'pendiente', 11305.76, CURRENT_DATE + integer '28');
INSERT INTO public.facturas (id, empresa_id, pedido_id, numero, estado_pago, total, fecha_vencimiento) VALUES ('3ea84370-695d-44e0-bfdb-d5cb3087cea6', '46f71144-7c40-43db-9bc7-f55961dd30cd', 'f7e413db-cabc-4f54-ac80-37cad89e3020', 'FAC-87891', 'pendiente', 33616.42999999999, CURRENT_DATE + integer '18');
INSERT INTO public.facturas (id, empresa_id, pedido_id, numero, estado_pago, total, fecha_vencimiento) VALUES ('207b1c5a-cfec-489b-85c4-a9aed24d573b', '46f71144-7c40-43db-9bc7-f55961dd30cd', '0bffd61d-aa94-4555-9353-67e034c98f6d', 'FAC-75461', 'pagada', 29292.18, CURRENT_DATE + integer '7');
INSERT INTO public.facturas (id, empresa_id, pedido_id, numero, estado_pago, total, fecha_vencimiento) VALUES ('57630ea3-531d-4c64-b851-b871a6d63830', '46f71144-7c40-43db-9bc7-f55961dd30cd', 'd93d3103-314a-49ef-9aa2-aa3e7ec856c4', 'FAC-61771', 'pendiente', 28168.32, CURRENT_DATE + integer '23');
INSERT INTO public.facturas (id, empresa_id, pedido_id, numero, estado_pago, total, fecha_vencimiento) VALUES ('695bc9a5-76d2-40bc-92d2-3d82c72ef22c', '46f71144-7c40-43db-9bc7-f55961dd30cd', '3486bd37-560e-4952-b267-bf46010860a5', 'FAC-78821', 'pagada', 17227.850000000002, CURRENT_DATE + integer '3');
INSERT INTO public.facturas (id, empresa_id, pedido_id, numero, estado_pago, total, fecha_vencimiento) VALUES ('86d10ba2-0773-4d3a-89ae-771461b005ff', '46f71144-7c40-43db-9bc7-f55961dd30cd', '8e4cfb0d-ddc1-4640-9640-8d8929dd3920', 'FAC-50960', 'pendiente', 29339.19, CURRENT_DATE + integer '12');
INSERT INTO public.facturas (id, empresa_id, pedido_id, numero, estado_pago, total, fecha_vencimiento) VALUES ('72dcb894-408d-4bfd-983c-9c100c5a02b7', '46f71144-7c40-43db-9bc7-f55961dd30cd', '93855b9d-c892-4f83-ab0c-ce1bf3b89b1c', 'FAC-36709', 'pagada', 2385.72, CURRENT_DATE + integer '8');
INSERT INTO public.facturas (id, empresa_id, pedido_id, numero, estado_pago, total, fecha_vencimiento) VALUES ('11465f56-d205-4bc3-9326-5c3f0deee9e5', '46f71144-7c40-43db-9bc7-f55961dd30cd', '8c6fec3c-429c-402b-b3d3-75c804f4056d', 'FAC-38480', 'pendiente', 5765.11, CURRENT_DATE + integer '11');
INSERT INTO public.facturas (id, empresa_id, pedido_id, numero, estado_pago, total, fecha_vencimiento) VALUES ('d2ef1584-8c8e-45bd-9fd3-a8cef9e8c35e', '46f71144-7c40-43db-9bc7-f55961dd30cd', '21d371d7-9ac2-4de3-aeab-f8270c3a1d17', 'FAC-61860', 'pagada', 50613.75, CURRENT_DATE + integer '21');
INSERT INTO public.facturas (id, empresa_id, pedido_id, numero, estado_pago, total, fecha_vencimiento) VALUES ('0a98fc6d-5211-4c5b-a62a-8ab5b728b8a8', '46f71144-7c40-43db-9bc7-f55961dd30cd', '3e1591aa-5f16-49d3-a4f6-e72edd163758', 'FAC-13944', 'pagada', 31891.56, CURRENT_DATE + integer '28');
INSERT INTO public.facturas (id, empresa_id, pedido_id, numero, estado_pago, total, fecha_vencimiento) VALUES ('6bb54e4f-6197-4626-9a3c-8b9c84c8b8fe', '46f71144-7c40-43db-9bc7-f55961dd30cd', '1ee98e04-c0ef-45f4-bdeb-00f0123adc7e', 'FAC-78271', 'pagada', 40418.74, CURRENT_DATE + integer '8');
-- ORDENES COMPRA Y DETALLES
INSERT INTO public.ordenes_compra (id, empresa_id, proveedor_id, numero, estado, total, creado_por) VALUES ('2c4df74a-9fd5-4c2d-a1f3-fab59f695295', '207bf963-c85e-4525-978e-a186455be7cd', '597f9321-ace6-4f56-af00-695fb228d141', 'OC-14782', 'borrador', 53818.75799999999, '0995dd4a-c10d-4d43-98da-97adb7379197');
INSERT INTO public.detalles_orden_compra (id, empresa_id, orden_id, producto_id, cantidad, precio_unitario) VALUES ('1b6d44fd-4a89-4b8c-8afa-f92ccf9e5e3b', '207bf963-c85e-4525-978e-a186455be7cd', '2c4df74a-9fd5-4c2d-a1f3-fab59f695295', '953006fd-67b6-434d-a39d-96e7b877afea', 69, 258.71999999999997);
INSERT INTO public.detalles_orden_compra (id, empresa_id, orden_id, producto_id, cantidad, precio_unitario) VALUES ('39a91bff-4f54-40c9-a4ed-6fba79a3f4c2', '207bf963-c85e-4525-978e-a186455be7cd', '2c4df74a-9fd5-4c2d-a1f3-fab59f695295', '87ec4c25-90d8-4433-a6ad-9e794ac98821', 69, 521.262);
INSERT INTO public.ordenes_compra (id, empresa_id, proveedor_id, numero, estado, total, creado_por) VALUES ('38b95eb7-d62d-4384-a93a-5d1a0bc6fff6', '207bf963-c85e-4525-978e-a186455be7cd', '4f7e40b9-16a3-417a-86fb-d0598acc7f19', 'OC-63236', 'recibida', 110743.171, '0995dd4a-c10d-4d43-98da-97adb7379197');
INSERT INTO public.detalles_orden_compra (id, empresa_id, orden_id, producto_id, cantidad, precio_unitario) VALUES ('33fa73a7-a915-4d0f-9285-f8d0d82cee52', '207bf963-c85e-4525-978e-a186455be7cd', '38b95eb7-d62d-4384-a93a-5d1a0bc6fff6', '6e6006f2-6768-4494-a915-94643eeb8b68', 65, 575.568);
INSERT INTO public.detalles_orden_compra (id, empresa_id, orden_id, producto_id, cantidad, precio_unitario) VALUES ('66983856-4b2d-497a-91bf-133f5a4c58ad', '207bf963-c85e-4525-978e-a186455be7cd', '38b95eb7-d62d-4384-a93a-5d1a0bc6fff6', '8e5a20cd-2368-4f7e-8b24-6d50de0d35cb', 39, 691.2149999999999);
INSERT INTO public.detalles_orden_compra (id, empresa_id, orden_id, producto_id, cantidad, precio_unitario) VALUES ('50ce3633-d3c8-4b6e-a6ed-efe89203ec79', '207bf963-c85e-4525-978e-a186455be7cd', '38b95eb7-d62d-4384-a93a-5d1a0bc6fff6', '4ff47e83-a66a-4e96-a2af-100a9d582af6', 86, 539.231);
INSERT INTO public.ordenes_compra (id, empresa_id, proveedor_id, numero, estado, total, creado_por) VALUES ('0b704f8b-6c6b-4685-976a-c049ec6b918d', '207bf963-c85e-4525-978e-a186455be7cd', '95844f5a-fd03-4ef1-a728-8503d0e3cfec', 'OC-70660', 'recibida', 34175.148, '76a2e59c-0cd9-4f6f-aa75-dc05fb0b5ad3');
INSERT INTO public.detalles_orden_compra (id, empresa_id, orden_id, producto_id, cantidad, precio_unitario) VALUES ('4aafc801-631c-4d73-ac6e-57676edb74c9', '207bf963-c85e-4525-978e-a186455be7cd', '0b704f8b-6c6b-4685-976a-c049ec6b918d', '7e698489-e7f4-4ecb-bddc-50a99c8b4943', 69, 495.29200000000003);
INSERT INTO public.ordenes_compra (id, empresa_id, proveedor_id, numero, estado, total, creado_por) VALUES ('e4597a3c-db8d-4de0-bc99-762d6bfc289d', '207bf963-c85e-4525-978e-a186455be7cd', '95844f5a-fd03-4ef1-a728-8503d0e3cfec', 'OC-63065', 'aprobada', 12811.679999999998, 'd89caccf-822b-4ca4-936b-95e314433039');
INSERT INTO public.detalles_orden_compra (id, empresa_id, orden_id, producto_id, cantidad, precio_unitario) VALUES ('e53b86c5-a657-4f7e-a269-9c7b4547ed40', '207bf963-c85e-4525-978e-a186455be7cd', 'e4597a3c-db8d-4de0-bc99-762d6bfc289d', '65bdafa1-451e-427e-bde2-e2a40038835d', 18, 711.7599999999999);
INSERT INTO public.ordenes_compra (id, empresa_id, proveedor_id, numero, estado, total, creado_por) VALUES ('05ee3277-2db4-4bad-9b79-fe46ebddc690', '207bf963-c85e-4525-978e-a186455be7cd', '597f9321-ace6-4f56-af00-695fb228d141', 'OC-25059', 'borrador', 37987.488, 'd89caccf-822b-4ca4-936b-95e314433039');
INSERT INTO public.detalles_orden_compra (id, empresa_id, orden_id, producto_id, cantidad, precio_unitario) VALUES ('5aea69df-a7a4-4c09-acc1-85305babe027', '207bf963-c85e-4525-978e-a186455be7cd', '05ee3277-2db4-4bad-9b79-fe46ebddc690', '6e6006f2-6768-4494-a915-94643eeb8b68', 66, 575.568);
INSERT INTO public.ordenes_compra (id, empresa_id, proveedor_id, numero, estado, total, creado_por) VALUES ('7657ccb3-1915-4f42-b4f6-4ad3c50f44cf', '207bf963-c85e-4525-978e-a186455be7cd', '4f7e40b9-16a3-417a-86fb-d0598acc7f19', 'OC-21934', 'recibida', 18110.399999999998, '37914e59-1ccb-48a2-86de-b2663373cb7e');
INSERT INTO public.detalles_orden_compra (id, empresa_id, orden_id, producto_id, cantidad, precio_unitario) VALUES ('06e0ce83-f3d6-4289-96da-f72dbefe7d53', '207bf963-c85e-4525-978e-a186455be7cd', '7657ccb3-1915-4f42-b4f6-4ad3c50f44cf', '953006fd-67b6-434d-a39d-96e7b877afea', 70, 258.71999999999997);
INSERT INTO public.ordenes_compra (id, empresa_id, proveedor_id, numero, estado, total, creado_por) VALUES ('6ff26cd0-984c-4bd1-883a-f265d72e33a1', '207bf963-c85e-4525-978e-a186455be7cd', '95844f5a-fd03-4ef1-a728-8503d0e3cfec', 'OC-36335', 'borrador', 7473.984, 'd89caccf-822b-4ca4-936b-95e314433039');
INSERT INTO public.detalles_orden_compra (id, empresa_id, orden_id, producto_id, cantidad, precio_unitario) VALUES ('4a4f8dca-c59d-4b57-aef0-634492421181', '207bf963-c85e-4525-978e-a186455be7cd', '6ff26cd0-984c-4bd1-883a-f265d72e33a1', 'a1a5be59-d22f-47a7-8fb3-1d516252ee36', 48, 155.708);
INSERT INTO public.ordenes_compra (id, empresa_id, proveedor_id, numero, estado, total, creado_por) VALUES ('4b45460b-658e-4569-be37-0b8c99dac12f', '207bf963-c85e-4525-978e-a186455be7cd', '95844f5a-fd03-4ef1-a728-8503d0e3cfec', 'OC-71355', 'aprobada', 107636.06, '37914e59-1ccb-48a2-86de-b2663373cb7e');
INSERT INTO public.detalles_orden_compra (id, empresa_id, orden_id, producto_id, cantidad, precio_unitario) VALUES ('ace0b2c5-c8b8-4896-8440-3a36d7a7ffd9', '207bf963-c85e-4525-978e-a186455be7cd', '4b45460b-658e-4569-be37-0b8c99dac12f', 'a55474c5-af80-4183-a07d-eb47f9195df3', 84, 303.50600000000003);
INSERT INTO public.detalles_orden_compra (id, empresa_id, orden_id, producto_id, cantidad, precio_unitario) VALUES ('771558ce-44f6-4988-8b25-c6df2cef568e', '207bf963-c85e-4525-978e-a186455be7cd', '4b45460b-658e-4569-be37-0b8c99dac12f', '9adb10c8-b306-4103-b480-8af4571919fb', 76, 213.59799999999998);
INSERT INTO public.detalles_orden_compra (id, empresa_id, orden_id, producto_id, cantidad, precio_unitario) VALUES ('8ff32c40-c129-4e89-a930-24db5bb179de', '207bf963-c85e-4525-978e-a186455be7cd', '4b45460b-658e-4569-be37-0b8c99dac12f', '909bea85-0d65-4514-acb8-4aaf6b7b40fd', 32, 991.6549999999999);
INSERT INTO public.detalles_orden_compra (id, empresa_id, orden_id, producto_id, cantidad, precio_unitario) VALUES ('4ac325bf-0d42-455c-b831-6788c0564066', '207bf963-c85e-4525-978e-a186455be7cd', '4b45460b-658e-4569-be37-0b8c99dac12f', '7e698489-e7f4-4ecb-bddc-50a99c8b4943', 69, 495.29200000000003);
INSERT INTO public.ordenes_compra (id, empresa_id, proveedor_id, numero, estado, total, creado_por) VALUES ('13498c1d-a9e6-4b74-bfe9-7c911999e3d8', '207bf963-c85e-4525-978e-a186455be7cd', '4f7e40b9-16a3-417a-86fb-d0598acc7f19', 'OC-82101', 'aprobada', 56204.27399999999, 'd89caccf-822b-4ca4-936b-95e314433039');
INSERT INTO public.detalles_orden_compra (id, empresa_id, orden_id, producto_id, cantidad, precio_unitario) VALUES ('789813f2-b50f-44a9-8a06-57dff4173837', '207bf963-c85e-4525-978e-a186455be7cd', '13498c1d-a9e6-4b74-bfe9-7c911999e3d8', '909bea85-0d65-4514-acb8-4aaf6b7b40fd', 46, 991.6549999999999);
INSERT INTO public.detalles_orden_compra (id, empresa_id, orden_id, producto_id, cantidad, precio_unitario) VALUES ('cf382971-ee7c-43a7-90c5-04b2e35f0803', '207bf963-c85e-4525-978e-a186455be7cd', '13498c1d-a9e6-4b74-bfe9-7c911999e3d8', 'a1a5be59-d22f-47a7-8fb3-1d516252ee36', 68, 155.708);
INSERT INTO public.ordenes_compra (id, empresa_id, proveedor_id, numero, estado, total, creado_por) VALUES ('e06438e2-4484-41bc-8af5-4eedca4d52b8', '207bf963-c85e-4525-978e-a186455be7cd', 'fff4b2f5-5a62-41bb-8b06-0157d30078e5', 'OC-66974', 'recibida', 5433.119999999999, 'd89caccf-822b-4ca4-936b-95e314433039');
INSERT INTO public.detalles_orden_compra (id, empresa_id, orden_id, producto_id, cantidad, precio_unitario) VALUES ('60903dbf-ff0a-4540-884a-00db26251586', '207bf963-c85e-4525-978e-a186455be7cd', 'e06438e2-4484-41bc-8af5-4eedca4d52b8', '953006fd-67b6-434d-a39d-96e7b877afea', 21, 258.71999999999997);
INSERT INTO public.ordenes_compra (id, empresa_id, proveedor_id, numero, estado, total, creado_por) VALUES ('e38e6bb0-5ecd-4996-9f69-b2076f484c7a', '46f71144-7c40-43db-9bc7-f55961dd30cd', '9340b3b4-eacd-494c-865a-f40f2227c933', 'OC-39362', 'aprobada', 108274.57199999999, 'a6b9c66c-f449-4529-ba57-8022d6efce63');
INSERT INTO public.detalles_orden_compra (id, empresa_id, orden_id, producto_id, cantidad, precio_unitario) VALUES ('883f781a-ffd6-4360-bb49-65f85c401fd3', '46f71144-7c40-43db-9bc7-f55961dd30cd', 'e38e6bb0-5ecd-4996-9f69-b2076f484c7a', '28393d5a-8982-4308-a852-f3ee57823263', 87, 333.33299999999997);
INSERT INTO public.detalles_orden_compra (id, empresa_id, orden_id, producto_id, cantidad, precio_unitario) VALUES ('51c9a4e6-cccd-45e6-874b-8e979225cc87', '46f71144-7c40-43db-9bc7-f55961dd30cd', 'e38e6bb0-5ecd-4996-9f69-b2076f484c7a', '0dcd244c-8902-44a8-84da-cb4c4a4dbca7', 12, 83.29999999999998);
INSERT INTO public.detalles_orden_compra (id, empresa_id, orden_id, producto_id, cantidad, precio_unitario) VALUES ('c373977a-5968-46f1-8ddc-e3b40efc2dae', '46f71144-7c40-43db-9bc7-f55961dd30cd', 'e38e6bb0-5ecd-4996-9f69-b2076f484c7a', 'ea7c3dde-12f5-4d27-a4f5-a12ea21fcf89', 45, 472.269);
INSERT INTO public.detalles_orden_compra (id, empresa_id, orden_id, producto_id, cantidad, precio_unitario) VALUES ('3bbb9023-dc0a-414e-92eb-a85c799103c6', '46f71144-7c40-43db-9bc7-f55961dd30cd', 'e38e6bb0-5ecd-4996-9f69-b2076f484c7a', '5a712694-c630-4b22-92c5-aa3aec7a8d7f', 67, 851.0879999999999);
INSERT INTO public.ordenes_compra (id, empresa_id, proveedor_id, numero, estado, total, creado_por) VALUES ('4d2e83fd-013d-4aae-8ac6-c3decf8f4550', '46f71144-7c40-43db-9bc7-f55961dd30cd', '9340b3b4-eacd-494c-865a-f40f2227c933', 'OC-45605', 'borrador', 63766.318, 'a6b9c66c-f449-4529-ba57-8022d6efce63');
INSERT INTO public.detalles_orden_compra (id, empresa_id, orden_id, producto_id, cantidad, precio_unitario) VALUES ('8f4f9f0f-0133-48ff-8fa8-c33718417563', '46f71144-7c40-43db-9bc7-f55961dd30cd', '4d2e83fd-013d-4aae-8ac6-c3decf8f4550', '61424f51-0434-480a-bdd0-654e5cb4be91', 20, 453.39);
INSERT INTO public.detalles_orden_compra (id, empresa_id, orden_id, producto_id, cantidad, precio_unitario) VALUES ('4580b5c3-c9c2-4722-959d-41dbe764a6b8', '46f71144-7c40-43db-9bc7-f55961dd30cd', '4d2e83fd-013d-4aae-8ac6-c3decf8f4550', '61424f51-0434-480a-bdd0-654e5cb4be91', 73, 453.39);
INSERT INTO public.detalles_orden_compra (id, empresa_id, orden_id, producto_id, cantidad, precio_unitario) VALUES ('70cc6c69-8fce-4b5f-8263-d0c41de9c549', '46f71144-7c40-43db-9bc7-f55961dd30cd', '4d2e83fd-013d-4aae-8ac6-c3decf8f4550', '23df18a8-2aa4-4633-8ac5-ad2fbf0e5e6f', 46, 469.58799999999997);
INSERT INTO public.ordenes_compra (id, empresa_id, proveedor_id, numero, estado, total, creado_por) VALUES ('4cf7f82c-e7e0-48ab-8cee-73a44b57bc5d', '46f71144-7c40-43db-9bc7-f55961dd30cd', '94115699-e97b-48c0-9bb9-85b703a85d24', 'OC-86378', 'aprobada', 121655.14199999999, '0f724f4f-7079-4785-9f0a-005e6f5700dc');
INSERT INTO public.detalles_orden_compra (id, empresa_id, orden_id, producto_id, cantidad, precio_unitario) VALUES ('cda68e4e-ac18-48d5-b7d9-685930a73925', '46f71144-7c40-43db-9bc7-f55961dd30cd', '4cf7f82c-e7e0-48ab-8cee-73a44b57bc5d', '28393d5a-8982-4308-a852-f3ee57823263', 42, 333.33299999999997);
INSERT INTO public.detalles_orden_compra (id, empresa_id, orden_id, producto_id, cantidad, precio_unitario) VALUES ('32b3ff64-a575-497c-9394-917f7dd7b85c', '46f71144-7c40-43db-9bc7-f55961dd30cd', '4cf7f82c-e7e0-48ab-8cee-73a44b57bc5d', '80835522-ebca-4012-aa43-26cab5c5ef06', 91, 651.651);
INSERT INTO public.detalles_orden_compra (id, empresa_id, orden_id, producto_id, cantidad, precio_unitario) VALUES ('a8c0e4ca-6541-44e1-8d45-d1e8fc4ec8d4', '46f71144-7c40-43db-9bc7-f55961dd30cd', '4cf7f82c-e7e0-48ab-8cee-73a44b57bc5d', '0dcd244c-8902-44a8-84da-cb4c4a4dbca7', 72, 83.29999999999998);
INSERT INTO public.detalles_orden_compra (id, empresa_id, orden_id, producto_id, cantidad, precio_unitario) VALUES ('e558d86c-91de-4d45-af2d-4c856c784275', '46f71144-7c40-43db-9bc7-f55961dd30cd', '4cf7f82c-e7e0-48ab-8cee-73a44b57bc5d', '80835522-ebca-4012-aa43-26cab5c5ef06', 65, 651.651);
INSERT INTO public.ordenes_compra (id, empresa_id, proveedor_id, numero, estado, total, creado_por) VALUES ('8f9845c1-04b3-4420-9ed0-baf02bd2124d', '46f71144-7c40-43db-9bc7-f55961dd30cd', '5035dfde-f632-431a-a6cc-2928e1a75d7e', 'OC-86505', 'borrador', 28733.460000000003, '257a311d-f2ef-4b47-9292-57e04126bb11');
INSERT INTO public.detalles_orden_compra (id, empresa_id, orden_id, producto_id, cantidad, precio_unitario) VALUES ('b5be9829-e4cd-499e-a8ab-3187e14d8294', '46f71144-7c40-43db-9bc7-f55961dd30cd', '8f9845c1-04b3-4420-9ed0-baf02bd2124d', '8a44ca95-b1b6-4613-a5fe-5d301402e19a', 37, 776.58);
INSERT INTO public.ordenes_compra (id, empresa_id, proveedor_id, numero, estado, total, creado_por) VALUES ('2b21efd9-b653-4d9d-a32b-cc4be1a99ca4', '46f71144-7c40-43db-9bc7-f55961dd30cd', '94115699-e97b-48c0-9bb9-85b703a85d24', 'OC-19332', 'borrador', 85772.883, 'a37b5ff1-84e8-4ab0-8d26-41384a161135');
INSERT INTO public.detalles_orden_compra (id, empresa_id, orden_id, producto_id, cantidad, precio_unitario) VALUES ('188e5429-30f6-4700-beb2-af57319b530c', '46f71144-7c40-43db-9bc7-f55961dd30cd', '2b21efd9-b653-4d9d-a32b-cc4be1a99ca4', '5814a3c5-8d99-463c-8add-73c2e18a0346', 99, 586.9499999999999);
INSERT INTO public.detalles_orden_compra (id, empresa_id, orden_id, producto_id, cantidad, precio_unitario) VALUES ('fdbe274b-2913-4c8a-84ea-b7c05996d13e', '46f71144-7c40-43db-9bc7-f55961dd30cd', '2b21efd9-b653-4d9d-a32b-cc4be1a99ca4', '28393d5a-8982-4308-a852-f3ee57823263', 40, 333.33299999999997);
INSERT INTO public.detalles_orden_compra (id, empresa_id, orden_id, producto_id, cantidad, precio_unitario) VALUES ('a2735377-7fdc-4116-ac79-a1ed4b4f8df2', '46f71144-7c40-43db-9bc7-f55961dd30cd', '2b21efd9-b653-4d9d-a32b-cc4be1a99ca4', '52b7c671-ccf3-452c-8a18-eaf63e0c99d9', 59, 242.90699999999998);
INSERT INTO public.ordenes_compra (id, empresa_id, proveedor_id, numero, estado, total, creado_por) VALUES ('7057b23f-9049-4197-8f9b-b90577d28c07', '46f71144-7c40-43db-9bc7-f55961dd30cd', '5261ddb1-5e02-44ce-8553-b64b9e494550', 'OC-97839', 'borrador', 14450.687999999998, '8da403ce-76b3-4c83-bc23-d83b3f66b80d');
INSERT INTO public.detalles_orden_compra (id, empresa_id, orden_id, producto_id, cantidad, precio_unitario) VALUES ('afb0e7da-c5fd-49d0-9c28-906a83502315', '46f71144-7c40-43db-9bc7-f55961dd30cd', '7057b23f-9049-4197-8f9b-b90577d28c07', 'e83ca89e-a18b-4899-89c2-ae46b6384c8e', 42, 344.06399999999996);
INSERT INTO public.ordenes_compra (id, empresa_id, proveedor_id, numero, estado, total, creado_por) VALUES ('bf83917b-0279-4cb7-a34f-05f9f8bd4299', '46f71144-7c40-43db-9bc7-f55961dd30cd', '5261ddb1-5e02-44ce-8553-b64b9e494550', 'OC-70981', 'recibida', 84620.004, 'a6b9c66c-f449-4529-ba57-8022d6efce63');
INSERT INTO public.detalles_orden_compra (id, empresa_id, orden_id, producto_id, cantidad, precio_unitario) VALUES ('9d1a424a-0375-4dcf-bb82-2ad7ed9e22e7', '46f71144-7c40-43db-9bc7-f55961dd30cd', 'bf83917b-0279-4cb7-a34f-05f9f8bd4299', '52b7c671-ccf3-452c-8a18-eaf63e0c99d9', 74, 242.90699999999998);
INSERT INTO public.detalles_orden_compra (id, empresa_id, orden_id, producto_id, cantidad, precio_unitario) VALUES ('b352e8e0-f893-4f61-856a-c11269c0ef09', '46f71144-7c40-43db-9bc7-f55961dd30cd', 'bf83917b-0279-4cb7-a34f-05f9f8bd4299', 'e7803369-d98b-45c5-a4b7-63854268bea2', 96, 446.25);
INSERT INTO public.detalles_orden_compra (id, empresa_id, orden_id, producto_id, cantidad, precio_unitario) VALUES ('f58eed62-23d9-4da6-8f37-df6098f04da9', '46f71144-7c40-43db-9bc7-f55961dd30cd', 'bf83917b-0279-4cb7-a34f-05f9f8bd4299', '52b7c671-ccf3-452c-8a18-eaf63e0c99d9', 98, 242.90699999999998);
INSERT INTO public.ordenes_compra (id, empresa_id, proveedor_id, numero, estado, total, creado_por) VALUES ('79bc97a9-a252-4047-b84e-e8b93f895c7d', '46f71144-7c40-43db-9bc7-f55961dd30cd', '5035dfde-f632-431a-a6cc-2928e1a75d7e', 'OC-13573', 'recibida', 88440.009, '8da403ce-76b3-4c83-bc23-d83b3f66b80d');
INSERT INTO public.detalles_orden_compra (id, empresa_id, orden_id, producto_id, cantidad, precio_unitario) VALUES ('7ca0f428-0fd7-42fc-a111-243f7cb0b8eb', '46f71144-7c40-43db-9bc7-f55961dd30cd', '79bc97a9-a252-4047-b84e-e8b93f895c7d', '80835522-ebca-4012-aa43-26cab5c5ef06', 37, 651.651);
INSERT INTO public.detalles_orden_compra (id, empresa_id, orden_id, producto_id, cantidad, precio_unitario) VALUES ('8eb00d8d-f428-4506-b6a9-39e620ebc9a2', '46f71144-7c40-43db-9bc7-f55961dd30cd', '79bc97a9-a252-4047-b84e-e8b93f895c7d', '80835522-ebca-4012-aa43-26cab5c5ef06', 68, 651.651);
INSERT INTO public.detalles_orden_compra (id, empresa_id, orden_id, producto_id, cantidad, precio_unitario) VALUES ('5a41b78e-2abb-4fab-a1a7-574d39d5505a', '46f71144-7c40-43db-9bc7-f55961dd30cd', '79bc97a9-a252-4047-b84e-e8b93f895c7d', 'e83ca89e-a18b-4899-89c2-ae46b6384c8e', 36, 344.06399999999996);
INSERT INTO public.detalles_orden_compra (id, empresa_id, orden_id, producto_id, cantidad, precio_unitario) VALUES ('ffc33875-0201-4dbd-9588-0047ee9f2076', '46f71144-7c40-43db-9bc7-f55961dd30cd', '79bc97a9-a252-4047-b84e-e8b93f895c7d', '5814a3c5-8d99-463c-8add-73c2e18a0346', 13, 586.9499999999999);
INSERT INTO public.ordenes_compra (id, empresa_id, proveedor_id, numero, estado, total, creado_por) VALUES ('cf8744d7-8369-4118-879b-5c596c1500d2', '46f71144-7c40-43db-9bc7-f55961dd30cd', '5035dfde-f632-431a-a6cc-2928e1a75d7e', 'OC-73056', 'aprobada', 46436.634999999995, '257a311d-f2ef-4b47-9292-57e04126bb11');
INSERT INTO public.detalles_orden_compra (id, empresa_id, orden_id, producto_id, cantidad, precio_unitario) VALUES ('17f34e69-e26b-4245-8336-dcf40c4d3497', '46f71144-7c40-43db-9bc7-f55961dd30cd', 'cf8744d7-8369-4118-879b-5c596c1500d2', '0dcd244c-8902-44a8-84da-cb4c4a4dbca7', 53, 83.29999999999998);
INSERT INTO public.detalles_orden_compra (id, empresa_id, orden_id, producto_id, cantidad, precio_unitario) VALUES ('e6fce60c-77aa-4504-a372-10d84d523330', '46f71144-7c40-43db-9bc7-f55961dd30cd', 'cf8744d7-8369-4118-879b-5c596c1500d2', '5a712694-c630-4b22-92c5-aa3aec7a8d7f', 20, 851.0879999999999);
INSERT INTO public.detalles_orden_compra (id, empresa_id, orden_id, producto_id, cantidad, precio_unitario) VALUES ('0b97fc98-0ac0-43a5-9ad8-fa58a976db67', '46f71144-7c40-43db-9bc7-f55961dd30cd', 'cf8744d7-8369-4118-879b-5c596c1500d2', '28393d5a-8982-4308-a852-f3ee57823263', 75, 333.33299999999997);
INSERT INTO public.ordenes_compra (id, empresa_id, proveedor_id, numero, estado, total, creado_por) VALUES ('ccf6a01f-d6ac-4de1-a499-d2619b606f34', '46f71144-7c40-43db-9bc7-f55961dd30cd', '9340b3b4-eacd-494c-865a-f40f2227c933', 'OC-82997', 'aprobada', 84454.461, '0f724f4f-7079-4785-9f0a-005e6f5700dc');
INSERT INTO public.detalles_orden_compra (id, empresa_id, orden_id, producto_id, cantidad, precio_unitario) VALUES ('e5059135-621f-4a13-897c-faa79bab0d7e', '46f71144-7c40-43db-9bc7-f55961dd30cd', 'ccf6a01f-d6ac-4de1-a499-d2619b606f34', '28393d5a-8982-4308-a852-f3ee57823263', 97, 333.33299999999997);
INSERT INTO public.detalles_orden_compra (id, empresa_id, orden_id, producto_id, cantidad, precio_unitario) VALUES ('f2e097ea-0df2-402c-bac7-f641da0a7968', '46f71144-7c40-43db-9bc7-f55961dd30cd', 'ccf6a01f-d6ac-4de1-a499-d2619b606f34', 'a40f80c5-0e06-42ad-9160-f7df48bb3b70', 78, 668.22);
-- ASISTENCIA
INSERT INTO public.asistencia (id, empresa_id, empleado_id, fecha, estado, hora_entrada, hora_salida) VALUES ('a73df23b-872a-4694-ae76-2e036e94e4cd', '207bf963-c85e-4525-978e-a186455be7cd', '53dd70fb-2901-461f-b6bf-5b58cc407122', CURRENT_DATE - integer '0', 'tardanza', '08:00:00', '17:00:00');
INSERT INTO public.asistencia (id, empresa_id, empleado_id, fecha, estado, hora_entrada, hora_salida) VALUES ('e1185832-414c-44de-a488-f63eb49e15da', '207bf963-c85e-4525-978e-a186455be7cd', '53dd70fb-2901-461f-b6bf-5b58cc407122', CURRENT_DATE - integer '1', 'presente', '08:00:00', '17:00:00');
INSERT INTO public.asistencia (id, empresa_id, empleado_id, fecha, estado, hora_entrada, hora_salida) VALUES ('58a29a3c-484e-4565-bdf3-c58710cb6bc9', '207bf963-c85e-4525-978e-a186455be7cd', '53dd70fb-2901-461f-b6bf-5b58cc407122', CURRENT_DATE - integer '2', 'presente', '08:00:00', '17:00:00');
INSERT INTO public.asistencia (id, empresa_id, empleado_id, fecha, estado, hora_entrada, hora_salida) VALUES ('6bff51bb-16b2-4c94-99b7-c3564136e3c6', '207bf963-c85e-4525-978e-a186455be7cd', '53dd70fb-2901-461f-b6bf-5b58cc407122', CURRENT_DATE - integer '3', 'tardanza', '08:00:00', '17:00:00');
INSERT INTO public.asistencia (id, empresa_id, empleado_id, fecha, estado, hora_entrada, hora_salida) VALUES ('cbba8bb9-8ede-4949-8252-b6c682cde4b0', '207bf963-c85e-4525-978e-a186455be7cd', '53dd70fb-2901-461f-b6bf-5b58cc407122', CURRENT_DATE - integer '4', 'presente', '08:00:00', '17:00:00');
INSERT INTO public.asistencia (id, empresa_id, empleado_id, fecha, estado, hora_entrada, hora_salida) VALUES ('bc12ad34-ce3d-4db2-ad23-c7dcae7ef4db', '207bf963-c85e-4525-978e-a186455be7cd', '53dd70fb-2901-461f-b6bf-5b58cc407122', CURRENT_DATE - integer '5', 'presente', '08:00:00', '17:00:00');
INSERT INTO public.asistencia (id, empresa_id, empleado_id, fecha, estado, hora_entrada, hora_salida) VALUES ('6c271d9a-7347-418d-a696-e837c0ae9cf7', '207bf963-c85e-4525-978e-a186455be7cd', '53dd70fb-2901-461f-b6bf-5b58cc407122', CURRENT_DATE - integer '6', 'tardanza', '08:00:00', '17:00:00');
INSERT INTO public.asistencia (id, empresa_id, empleado_id, fecha, estado, hora_entrada, hora_salida) VALUES ('a9c69df1-9b3e-4f2b-9e77-ddbe29095a78', '207bf963-c85e-4525-978e-a186455be7cd', '53dd70fb-2901-461f-b6bf-5b58cc407122', CURRENT_DATE - integer '7', 'tardanza', '08:00:00', '17:00:00');
INSERT INTO public.asistencia (id, empresa_id, empleado_id, fecha, estado, hora_entrada, hora_salida) VALUES ('d4ab86a3-64d3-4e31-98bf-90399048c28f', '207bf963-c85e-4525-978e-a186455be7cd', '53dd70fb-2901-461f-b6bf-5b58cc407122', CURRENT_DATE - integer '8', 'presente', '08:00:00', '17:00:00');
INSERT INTO public.asistencia (id, empresa_id, empleado_id, fecha, estado, hora_entrada, hora_salida) VALUES ('31b9714b-1d89-4913-9c44-c3b2e28c774a', '207bf963-c85e-4525-978e-a186455be7cd', '53dd70fb-2901-461f-b6bf-5b58cc407122', CURRENT_DATE - integer '9', 'presente', '08:00:00', '17:00:00');
INSERT INTO public.asistencia (id, empresa_id, empleado_id, fecha, estado, hora_entrada, hora_salida) VALUES ('640bd03d-0f99-401e-b0ee-d71d4e0fb011', '207bf963-c85e-4525-978e-a186455be7cd', 'dbacd678-5dfa-4b13-92d3-2a044cee0ca5', CURRENT_DATE - integer '0', 'tardanza', '08:00:00', '17:00:00');
INSERT INTO public.asistencia (id, empresa_id, empleado_id, fecha, estado, hora_entrada, hora_salida) VALUES ('fa24215d-8744-40e2-bcea-d440cebe79a5', '207bf963-c85e-4525-978e-a186455be7cd', 'dbacd678-5dfa-4b13-92d3-2a044cee0ca5', CURRENT_DATE - integer '1', 'presente', '08:00:00', '17:00:00');
INSERT INTO public.asistencia (id, empresa_id, empleado_id, fecha, estado, hora_entrada, hora_salida) VALUES ('849adc6b-6901-4f9f-9f7c-9dbf392ad097', '207bf963-c85e-4525-978e-a186455be7cd', 'dbacd678-5dfa-4b13-92d3-2a044cee0ca5', CURRENT_DATE - integer '2', 'tardanza', '08:00:00', '17:00:00');
INSERT INTO public.asistencia (id, empresa_id, empleado_id, fecha, estado, hora_entrada, hora_salida) VALUES ('ab8f5fe8-24e2-4c7b-a8cf-0d95de9b8b48', '207bf963-c85e-4525-978e-a186455be7cd', 'dbacd678-5dfa-4b13-92d3-2a044cee0ca5', CURRENT_DATE - integer '3', 'presente', '08:00:00', '17:00:00');
INSERT INTO public.asistencia (id, empresa_id, empleado_id, fecha, estado, hora_entrada, hora_salida) VALUES ('7bcaff93-83ef-402e-9e9c-ceb9766253f5', '207bf963-c85e-4525-978e-a186455be7cd', 'dbacd678-5dfa-4b13-92d3-2a044cee0ca5', CURRENT_DATE - integer '4', 'presente', '08:00:00', '17:00:00');
INSERT INTO public.asistencia (id, empresa_id, empleado_id, fecha, estado, hora_entrada, hora_salida) VALUES ('4dbd39c5-e2ed-44bd-b7dd-f24568bc2a21', '207bf963-c85e-4525-978e-a186455be7cd', 'dbacd678-5dfa-4b13-92d3-2a044cee0ca5', CURRENT_DATE - integer '5', 'presente', '08:00:00', '17:00:00');
INSERT INTO public.asistencia (id, empresa_id, empleado_id, fecha, estado, hora_entrada, hora_salida) VALUES ('92e9945e-c512-429b-9732-df7def8a74f4', '207bf963-c85e-4525-978e-a186455be7cd', 'dbacd678-5dfa-4b13-92d3-2a044cee0ca5', CURRENT_DATE - integer '6', 'ausente', '08:00:00', '17:00:00');
INSERT INTO public.asistencia (id, empresa_id, empleado_id, fecha, estado, hora_entrada, hora_salida) VALUES ('e9897922-80eb-4d61-9b6f-c4c339448f55', '207bf963-c85e-4525-978e-a186455be7cd', 'dbacd678-5dfa-4b13-92d3-2a044cee0ca5', CURRENT_DATE - integer '7', 'presente', '08:00:00', '17:00:00');
INSERT INTO public.asistencia (id, empresa_id, empleado_id, fecha, estado, hora_entrada, hora_salida) VALUES ('8a28c27e-a2e0-4302-9c0a-28ae5967f6e7', '207bf963-c85e-4525-978e-a186455be7cd', 'dbacd678-5dfa-4b13-92d3-2a044cee0ca5', CURRENT_DATE - integer '8', 'presente', '08:00:00', '17:00:00');
INSERT INTO public.asistencia (id, empresa_id, empleado_id, fecha, estado, hora_entrada, hora_salida) VALUES ('3b9bc70e-12c1-4bcb-a525-cdb474b7af44', '207bf963-c85e-4525-978e-a186455be7cd', 'dbacd678-5dfa-4b13-92d3-2a044cee0ca5', CURRENT_DATE - integer '9', 'ausente', '08:00:00', '17:00:00');
INSERT INTO public.asistencia (id, empresa_id, empleado_id, fecha, estado, hora_entrada, hora_salida) VALUES ('56e9c8ac-3688-4fdd-aa42-8f7241d11932', '207bf963-c85e-4525-978e-a186455be7cd', '864eaa60-78b6-42c8-8e70-c4d27edd7d8e', CURRENT_DATE - integer '0', 'presente', '08:00:00', '17:00:00');
INSERT INTO public.asistencia (id, empresa_id, empleado_id, fecha, estado, hora_entrada, hora_salida) VALUES ('3f52547f-5c1a-41d5-9841-a353290f60ac', '207bf963-c85e-4525-978e-a186455be7cd', '864eaa60-78b6-42c8-8e70-c4d27edd7d8e', CURRENT_DATE - integer '1', 'presente', '08:00:00', '17:00:00');
INSERT INTO public.asistencia (id, empresa_id, empleado_id, fecha, estado, hora_entrada, hora_salida) VALUES ('b6f9fb4c-da37-4bd5-b063-50832209dfc8', '207bf963-c85e-4525-978e-a186455be7cd', '864eaa60-78b6-42c8-8e70-c4d27edd7d8e', CURRENT_DATE - integer '2', 'tardanza', '08:00:00', '17:00:00');
INSERT INTO public.asistencia (id, empresa_id, empleado_id, fecha, estado, hora_entrada, hora_salida) VALUES ('9e0089ac-d824-4f83-bc6f-9ce7a018e146', '207bf963-c85e-4525-978e-a186455be7cd', '864eaa60-78b6-42c8-8e70-c4d27edd7d8e', CURRENT_DATE - integer '3', 'presente', '08:00:00', '17:00:00');
INSERT INTO public.asistencia (id, empresa_id, empleado_id, fecha, estado, hora_entrada, hora_salida) VALUES ('a7a3eadc-dce6-4429-a991-a8cddd25f422', '207bf963-c85e-4525-978e-a186455be7cd', '864eaa60-78b6-42c8-8e70-c4d27edd7d8e', CURRENT_DATE - integer '4', 'presente', '08:00:00', '17:00:00');
INSERT INTO public.asistencia (id, empresa_id, empleado_id, fecha, estado, hora_entrada, hora_salida) VALUES ('b502feaa-cb1e-4027-a180-4255ee3a089a', '207bf963-c85e-4525-978e-a186455be7cd', '864eaa60-78b6-42c8-8e70-c4d27edd7d8e', CURRENT_DATE - integer '5', 'tardanza', '08:00:00', '17:00:00');
INSERT INTO public.asistencia (id, empresa_id, empleado_id, fecha, estado, hora_entrada, hora_salida) VALUES ('c96de26e-3740-42f9-8852-cf2474a5c318', '207bf963-c85e-4525-978e-a186455be7cd', '864eaa60-78b6-42c8-8e70-c4d27edd7d8e', CURRENT_DATE - integer '6', 'presente', '08:00:00', '17:00:00');
INSERT INTO public.asistencia (id, empresa_id, empleado_id, fecha, estado, hora_entrada, hora_salida) VALUES ('03791508-6aff-413d-b54b-4d5c7ddc7de7', '207bf963-c85e-4525-978e-a186455be7cd', '864eaa60-78b6-42c8-8e70-c4d27edd7d8e', CURRENT_DATE - integer '7', 'ausente', '08:00:00', '17:00:00');
INSERT INTO public.asistencia (id, empresa_id, empleado_id, fecha, estado, hora_entrada, hora_salida) VALUES ('031ba1c5-21e1-4414-902e-fcb4104e9e90', '207bf963-c85e-4525-978e-a186455be7cd', '864eaa60-78b6-42c8-8e70-c4d27edd7d8e', CURRENT_DATE - integer '8', 'ausente', '08:00:00', '17:00:00');
INSERT INTO public.asistencia (id, empresa_id, empleado_id, fecha, estado, hora_entrada, hora_salida) VALUES ('a444ba81-24da-4c4e-9d73-f44362fe7eb0', '207bf963-c85e-4525-978e-a186455be7cd', '864eaa60-78b6-42c8-8e70-c4d27edd7d8e', CURRENT_DATE - integer '9', 'ausente', '08:00:00', '17:00:00');
INSERT INTO public.asistencia (id, empresa_id, empleado_id, fecha, estado, hora_entrada, hora_salida) VALUES ('359e3d89-2133-45de-8842-f9ced98262a2', '207bf963-c85e-4525-978e-a186455be7cd', 'ff7e29d5-fb5e-4266-8445-46e8050bc064', CURRENT_DATE - integer '0', 'ausente', '08:00:00', '17:00:00');
INSERT INTO public.asistencia (id, empresa_id, empleado_id, fecha, estado, hora_entrada, hora_salida) VALUES ('6ed2b159-4528-46bd-ad17-c319f729adf6', '207bf963-c85e-4525-978e-a186455be7cd', 'ff7e29d5-fb5e-4266-8445-46e8050bc064', CURRENT_DATE - integer '1', 'tardanza', '08:00:00', '17:00:00');
INSERT INTO public.asistencia (id, empresa_id, empleado_id, fecha, estado, hora_entrada, hora_salida) VALUES ('f847cb61-81bc-4a9e-b3c9-4bcc3bf134f0', '207bf963-c85e-4525-978e-a186455be7cd', 'ff7e29d5-fb5e-4266-8445-46e8050bc064', CURRENT_DATE - integer '2', 'ausente', '08:00:00', '17:00:00');
INSERT INTO public.asistencia (id, empresa_id, empleado_id, fecha, estado, hora_entrada, hora_salida) VALUES ('58306ccb-2f1f-45c3-a6fa-89e0c5b4a038', '207bf963-c85e-4525-978e-a186455be7cd', 'ff7e29d5-fb5e-4266-8445-46e8050bc064', CURRENT_DATE - integer '3', 'ausente', '08:00:00', '17:00:00');
INSERT INTO public.asistencia (id, empresa_id, empleado_id, fecha, estado, hora_entrada, hora_salida) VALUES ('5db60b2a-4e80-4381-a09b-a66f330e6749', '207bf963-c85e-4525-978e-a186455be7cd', 'ff7e29d5-fb5e-4266-8445-46e8050bc064', CURRENT_DATE - integer '4', 'presente', '08:00:00', '17:00:00');
INSERT INTO public.asistencia (id, empresa_id, empleado_id, fecha, estado, hora_entrada, hora_salida) VALUES ('6d0d99b5-3136-46a2-8058-697551cb8a72', '207bf963-c85e-4525-978e-a186455be7cd', 'ff7e29d5-fb5e-4266-8445-46e8050bc064', CURRENT_DATE - integer '5', 'ausente', '08:00:00', '17:00:00');
INSERT INTO public.asistencia (id, empresa_id, empleado_id, fecha, estado, hora_entrada, hora_salida) VALUES ('70849349-a391-436b-9dfa-22d41aea7a77', '207bf963-c85e-4525-978e-a186455be7cd', 'ff7e29d5-fb5e-4266-8445-46e8050bc064', CURRENT_DATE - integer '6', 'presente', '08:00:00', '17:00:00');
INSERT INTO public.asistencia (id, empresa_id, empleado_id, fecha, estado, hora_entrada, hora_salida) VALUES ('07c16f6f-385e-4b89-b084-73721b7a92b3', '207bf963-c85e-4525-978e-a186455be7cd', 'ff7e29d5-fb5e-4266-8445-46e8050bc064', CURRENT_DATE - integer '7', 'tardanza', '08:00:00', '17:00:00');
INSERT INTO public.asistencia (id, empresa_id, empleado_id, fecha, estado, hora_entrada, hora_salida) VALUES ('0b69ffee-55a1-4526-b3df-2ad9534a308c', '207bf963-c85e-4525-978e-a186455be7cd', 'ff7e29d5-fb5e-4266-8445-46e8050bc064', CURRENT_DATE - integer '8', 'presente', '08:00:00', '17:00:00');
INSERT INTO public.asistencia (id, empresa_id, empleado_id, fecha, estado, hora_entrada, hora_salida) VALUES ('d514fe47-dcea-4894-882c-8fde5d2a2cb8', '207bf963-c85e-4525-978e-a186455be7cd', 'ff7e29d5-fb5e-4266-8445-46e8050bc064', CURRENT_DATE - integer '9', 'presente', '08:00:00', '17:00:00');
INSERT INTO public.asistencia (id, empresa_id, empleado_id, fecha, estado, hora_entrada, hora_salida) VALUES ('a2b540bf-3bcc-48f8-baaf-76a28dda0642', '46f71144-7c40-43db-9bc7-f55961dd30cd', '7fbded95-d9d0-4d09-8bdb-d5441a80c9be', CURRENT_DATE - integer '0', 'presente', '08:00:00', '17:00:00');
INSERT INTO public.asistencia (id, empresa_id, empleado_id, fecha, estado, hora_entrada, hora_salida) VALUES ('72687c41-411a-4813-9ee6-264fd74ec0ae', '46f71144-7c40-43db-9bc7-f55961dd30cd', '7fbded95-d9d0-4d09-8bdb-d5441a80c9be', CURRENT_DATE - integer '1', 'tardanza', '08:00:00', '17:00:00');
INSERT INTO public.asistencia (id, empresa_id, empleado_id, fecha, estado, hora_entrada, hora_salida) VALUES ('2f35de33-3e8f-4866-9a4d-baf5c1533d57', '46f71144-7c40-43db-9bc7-f55961dd30cd', '7fbded95-d9d0-4d09-8bdb-d5441a80c9be', CURRENT_DATE - integer '2', 'ausente', '08:00:00', '17:00:00');
INSERT INTO public.asistencia (id, empresa_id, empleado_id, fecha, estado, hora_entrada, hora_salida) VALUES ('eac565ac-1a7e-439e-911d-452941df7fd4', '46f71144-7c40-43db-9bc7-f55961dd30cd', '7fbded95-d9d0-4d09-8bdb-d5441a80c9be', CURRENT_DATE - integer '3', 'ausente', '08:00:00', '17:00:00');
INSERT INTO public.asistencia (id, empresa_id, empleado_id, fecha, estado, hora_entrada, hora_salida) VALUES ('a4abdceb-09e7-4b68-982f-00d4125b9a39', '46f71144-7c40-43db-9bc7-f55961dd30cd', '7fbded95-d9d0-4d09-8bdb-d5441a80c9be', CURRENT_DATE - integer '4', 'presente', '08:00:00', '17:00:00');
INSERT INTO public.asistencia (id, empresa_id, empleado_id, fecha, estado, hora_entrada, hora_salida) VALUES ('afd0356c-553d-41f0-a0ec-b2535a6807e4', '46f71144-7c40-43db-9bc7-f55961dd30cd', '7fbded95-d9d0-4d09-8bdb-d5441a80c9be', CURRENT_DATE - integer '5', 'presente', '08:00:00', '17:00:00');
INSERT INTO public.asistencia (id, empresa_id, empleado_id, fecha, estado, hora_entrada, hora_salida) VALUES ('8369b839-433c-4de3-a3f8-61286c351a39', '46f71144-7c40-43db-9bc7-f55961dd30cd', '7fbded95-d9d0-4d09-8bdb-d5441a80c9be', CURRENT_DATE - integer '6', 'presente', '08:00:00', '17:00:00');
INSERT INTO public.asistencia (id, empresa_id, empleado_id, fecha, estado, hora_entrada, hora_salida) VALUES ('6b1af5e9-2384-4709-8866-7c970853052b', '46f71144-7c40-43db-9bc7-f55961dd30cd', '7fbded95-d9d0-4d09-8bdb-d5441a80c9be', CURRENT_DATE - integer '7', 'presente', '08:00:00', '17:00:00');
INSERT INTO public.asistencia (id, empresa_id, empleado_id, fecha, estado, hora_entrada, hora_salida) VALUES ('99a80881-592a-4ded-81cc-2154bd0bfc79', '46f71144-7c40-43db-9bc7-f55961dd30cd', '7fbded95-d9d0-4d09-8bdb-d5441a80c9be', CURRENT_DATE - integer '8', 'presente', '08:00:00', '17:00:00');
INSERT INTO public.asistencia (id, empresa_id, empleado_id, fecha, estado, hora_entrada, hora_salida) VALUES ('10883f8f-7569-48db-9a94-522f218e2288', '46f71144-7c40-43db-9bc7-f55961dd30cd', '7fbded95-d9d0-4d09-8bdb-d5441a80c9be', CURRENT_DATE - integer '9', 'presente', '08:00:00', '17:00:00');
INSERT INTO public.asistencia (id, empresa_id, empleado_id, fecha, estado, hora_entrada, hora_salida) VALUES ('8e90c9dd-2182-4986-a696-944cfe2c9b7c', '46f71144-7c40-43db-9bc7-f55961dd30cd', '257123d7-163a-46da-91c0-b01a69bf87f0', CURRENT_DATE - integer '0', 'tardanza', '08:00:00', '17:00:00');
INSERT INTO public.asistencia (id, empresa_id, empleado_id, fecha, estado, hora_entrada, hora_salida) VALUES ('d54a680c-10b8-4db0-ad79-1a3ef0b23a33', '46f71144-7c40-43db-9bc7-f55961dd30cd', '257123d7-163a-46da-91c0-b01a69bf87f0', CURRENT_DATE - integer '1', 'presente', '08:00:00', '17:00:00');
INSERT INTO public.asistencia (id, empresa_id, empleado_id, fecha, estado, hora_entrada, hora_salida) VALUES ('980b9254-21e9-4980-b571-64e80c055663', '46f71144-7c40-43db-9bc7-f55961dd30cd', '257123d7-163a-46da-91c0-b01a69bf87f0', CURRENT_DATE - integer '2', 'tardanza', '08:00:00', '17:00:00');
INSERT INTO public.asistencia (id, empresa_id, empleado_id, fecha, estado, hora_entrada, hora_salida) VALUES ('f7920091-279b-4935-b7b7-a3bd909ce306', '46f71144-7c40-43db-9bc7-f55961dd30cd', '257123d7-163a-46da-91c0-b01a69bf87f0', CURRENT_DATE - integer '3', 'ausente', '08:00:00', '17:00:00');
INSERT INTO public.asistencia (id, empresa_id, empleado_id, fecha, estado, hora_entrada, hora_salida) VALUES ('ff7f4d54-c7fc-48f5-bc4e-dba00f3b6f32', '46f71144-7c40-43db-9bc7-f55961dd30cd', '257123d7-163a-46da-91c0-b01a69bf87f0', CURRENT_DATE - integer '4', 'presente', '08:00:00', '17:00:00');
INSERT INTO public.asistencia (id, empresa_id, empleado_id, fecha, estado, hora_entrada, hora_salida) VALUES ('0d9a45d1-d7f9-4092-8764-be7c47275613', '46f71144-7c40-43db-9bc7-f55961dd30cd', '257123d7-163a-46da-91c0-b01a69bf87f0', CURRENT_DATE - integer '5', 'presente', '08:00:00', '17:00:00');
INSERT INTO public.asistencia (id, empresa_id, empleado_id, fecha, estado, hora_entrada, hora_salida) VALUES ('dd9407a3-e4f1-49a9-a1f3-2cdcaf179fa7', '46f71144-7c40-43db-9bc7-f55961dd30cd', '257123d7-163a-46da-91c0-b01a69bf87f0', CURRENT_DATE - integer '6', 'presente', '08:00:00', '17:00:00');
INSERT INTO public.asistencia (id, empresa_id, empleado_id, fecha, estado, hora_entrada, hora_salida) VALUES ('bc434588-1f97-4c67-9612-f929517f4eb9', '46f71144-7c40-43db-9bc7-f55961dd30cd', '257123d7-163a-46da-91c0-b01a69bf87f0', CURRENT_DATE - integer '7', 'presente', '08:00:00', '17:00:00');
INSERT INTO public.asistencia (id, empresa_id, empleado_id, fecha, estado, hora_entrada, hora_salida) VALUES ('12ee15a9-fd8e-4bc3-b79b-78a63f248203', '46f71144-7c40-43db-9bc7-f55961dd30cd', '257123d7-163a-46da-91c0-b01a69bf87f0', CURRENT_DATE - integer '8', 'tardanza', '08:00:00', '17:00:00');
INSERT INTO public.asistencia (id, empresa_id, empleado_id, fecha, estado, hora_entrada, hora_salida) VALUES ('dbbf1d75-77b9-4000-9548-0a0c3fab2951', '46f71144-7c40-43db-9bc7-f55961dd30cd', '257123d7-163a-46da-91c0-b01a69bf87f0', CURRENT_DATE - integer '9', 'presente', '08:00:00', '17:00:00');
INSERT INTO public.asistencia (id, empresa_id, empleado_id, fecha, estado, hora_entrada, hora_salida) VALUES ('4e0e7b72-4920-499f-aa60-72bf3ab41a91', '46f71144-7c40-43db-9bc7-f55961dd30cd', '0b46d630-9cba-476c-a711-cfeeecfb64ba', CURRENT_DATE - integer '0', 'presente', '08:00:00', '17:00:00');
INSERT INTO public.asistencia (id, empresa_id, empleado_id, fecha, estado, hora_entrada, hora_salida) VALUES ('a3a4e811-f6ef-4c05-88e8-4bdc3ed4ad13', '46f71144-7c40-43db-9bc7-f55961dd30cd', '0b46d630-9cba-476c-a711-cfeeecfb64ba', CURRENT_DATE - integer '1', 'tardanza', '08:00:00', '17:00:00');
INSERT INTO public.asistencia (id, empresa_id, empleado_id, fecha, estado, hora_entrada, hora_salida) VALUES ('f4aff0ae-5322-4884-9b85-f954d5e3581d', '46f71144-7c40-43db-9bc7-f55961dd30cd', '0b46d630-9cba-476c-a711-cfeeecfb64ba', CURRENT_DATE - integer '2', 'presente', '08:00:00', '17:00:00');
INSERT INTO public.asistencia (id, empresa_id, empleado_id, fecha, estado, hora_entrada, hora_salida) VALUES ('37ffabbf-29cc-4f0e-b1e4-25cade8531e4', '46f71144-7c40-43db-9bc7-f55961dd30cd', '0b46d630-9cba-476c-a711-cfeeecfb64ba', CURRENT_DATE - integer '3', 'ausente', '08:00:00', '17:00:00');
INSERT INTO public.asistencia (id, empresa_id, empleado_id, fecha, estado, hora_entrada, hora_salida) VALUES ('579569c7-7dd5-40db-809e-78c0d79d2fa1', '46f71144-7c40-43db-9bc7-f55961dd30cd', '0b46d630-9cba-476c-a711-cfeeecfb64ba', CURRENT_DATE - integer '4', 'presente', '08:00:00', '17:00:00');
INSERT INTO public.asistencia (id, empresa_id, empleado_id, fecha, estado, hora_entrada, hora_salida) VALUES ('b827bc8b-005d-4a3e-bc17-d029cf435983', '46f71144-7c40-43db-9bc7-f55961dd30cd', '0b46d630-9cba-476c-a711-cfeeecfb64ba', CURRENT_DATE - integer '5', 'presente', '08:00:00', '17:00:00');
INSERT INTO public.asistencia (id, empresa_id, empleado_id, fecha, estado, hora_entrada, hora_salida) VALUES ('87fd24b6-c6c7-4c57-a9af-80141dfa80a2', '46f71144-7c40-43db-9bc7-f55961dd30cd', '0b46d630-9cba-476c-a711-cfeeecfb64ba', CURRENT_DATE - integer '6', 'ausente', '08:00:00', '17:00:00');
INSERT INTO public.asistencia (id, empresa_id, empleado_id, fecha, estado, hora_entrada, hora_salida) VALUES ('49dee481-9a74-4706-9424-fc7be0e9473f', '46f71144-7c40-43db-9bc7-f55961dd30cd', '0b46d630-9cba-476c-a711-cfeeecfb64ba', CURRENT_DATE - integer '7', 'tardanza', '08:00:00', '17:00:00');
INSERT INTO public.asistencia (id, empresa_id, empleado_id, fecha, estado, hora_entrada, hora_salida) VALUES ('407d68de-df8a-4a13-9991-a7e5f5471e58', '46f71144-7c40-43db-9bc7-f55961dd30cd', '0b46d630-9cba-476c-a711-cfeeecfb64ba', CURRENT_DATE - integer '8', 'ausente', '08:00:00', '17:00:00');
INSERT INTO public.asistencia (id, empresa_id, empleado_id, fecha, estado, hora_entrada, hora_salida) VALUES ('a21614a6-c9fa-406d-bdc9-d63c7d19ef51', '46f71144-7c40-43db-9bc7-f55961dd30cd', '0b46d630-9cba-476c-a711-cfeeecfb64ba', CURRENT_DATE - integer '9', 'presente', '08:00:00', '17:00:00');
INSERT INTO public.asistencia (id, empresa_id, empleado_id, fecha, estado, hora_entrada, hora_salida) VALUES ('cb340156-bc62-47ce-94c0-7ac41f780713', '46f71144-7c40-43db-9bc7-f55961dd30cd', 'd21d52fa-1a83-4024-b60b-12d641b6f821', CURRENT_DATE - integer '0', 'presente', '08:00:00', '17:00:00');
INSERT INTO public.asistencia (id, empresa_id, empleado_id, fecha, estado, hora_entrada, hora_salida) VALUES ('ebf01443-3a15-4cd9-86ed-8e362a4609d8', '46f71144-7c40-43db-9bc7-f55961dd30cd', 'd21d52fa-1a83-4024-b60b-12d641b6f821', CURRENT_DATE - integer '1', 'tardanza', '08:00:00', '17:00:00');
INSERT INTO public.asistencia (id, empresa_id, empleado_id, fecha, estado, hora_entrada, hora_salida) VALUES ('e34e8a72-3eda-450f-8476-3e8ab1ff8644', '46f71144-7c40-43db-9bc7-f55961dd30cd', 'd21d52fa-1a83-4024-b60b-12d641b6f821', CURRENT_DATE - integer '2', 'presente', '08:00:00', '17:00:00');
INSERT INTO public.asistencia (id, empresa_id, empleado_id, fecha, estado, hora_entrada, hora_salida) VALUES ('96d59141-cc43-43c5-8e79-6f690282ab9c', '46f71144-7c40-43db-9bc7-f55961dd30cd', 'd21d52fa-1a83-4024-b60b-12d641b6f821', CURRENT_DATE - integer '3', 'tardanza', '08:00:00', '17:00:00');
INSERT INTO public.asistencia (id, empresa_id, empleado_id, fecha, estado, hora_entrada, hora_salida) VALUES ('0f4ffd42-83c8-4018-8701-a1090352e6c7', '46f71144-7c40-43db-9bc7-f55961dd30cd', 'd21d52fa-1a83-4024-b60b-12d641b6f821', CURRENT_DATE - integer '4', 'presente', '08:00:00', '17:00:00');
INSERT INTO public.asistencia (id, empresa_id, empleado_id, fecha, estado, hora_entrada, hora_salida) VALUES ('47302f1d-0d2f-4943-81c8-47a415116ef9', '46f71144-7c40-43db-9bc7-f55961dd30cd', 'd21d52fa-1a83-4024-b60b-12d641b6f821', CURRENT_DATE - integer '5', 'presente', '08:00:00', '17:00:00');
INSERT INTO public.asistencia (id, empresa_id, empleado_id, fecha, estado, hora_entrada, hora_salida) VALUES ('32643d3c-33ce-4aac-a548-09b99857e682', '46f71144-7c40-43db-9bc7-f55961dd30cd', 'd21d52fa-1a83-4024-b60b-12d641b6f821', CURRENT_DATE - integer '6', 'presente', '08:00:00', '17:00:00');
INSERT INTO public.asistencia (id, empresa_id, empleado_id, fecha, estado, hora_entrada, hora_salida) VALUES ('ebba0210-7fed-41d2-812c-19a85aff2f59', '46f71144-7c40-43db-9bc7-f55961dd30cd', 'd21d52fa-1a83-4024-b60b-12d641b6f821', CURRENT_DATE - integer '7', 'presente', '08:00:00', '17:00:00');
INSERT INTO public.asistencia (id, empresa_id, empleado_id, fecha, estado, hora_entrada, hora_salida) VALUES ('46f08012-9866-42e0-a9cb-7dbeaa9b6518', '46f71144-7c40-43db-9bc7-f55961dd30cd', 'd21d52fa-1a83-4024-b60b-12d641b6f821', CURRENT_DATE - integer '8', 'ausente', '08:00:00', '17:00:00');
INSERT INTO public.asistencia (id, empresa_id, empleado_id, fecha, estado, hora_entrada, hora_salida) VALUES ('db176799-e2b9-4201-92c7-cbddd2428218', '46f71144-7c40-43db-9bc7-f55961dd30cd', 'd21d52fa-1a83-4024-b60b-12d641b6f821', CURRENT_DATE - integer '9', 'presente', '08:00:00', '17:00:00');
-- ALERTAS
INSERT INTO public.alertas (id, empresa_id, tipo, modulo_origen, titulo, mensaje, leida) VALUES ('764ce1c5-63a8-46cd-bfa6-6dd7ee004eb6', '207bf963-c85e-4525-978e-a186455be7cd', 'exito', 'inventario', 'Alerta 0', 'Detalle de la alerta generada automáticamente.', true);
INSERT INTO public.alertas (id, empresa_id, tipo, modulo_origen, titulo, mensaje, leida) VALUES ('7204808d-5ade-496e-9129-68e08d2651e7', '207bf963-c85e-4525-978e-a186455be7cd', 'critica', 'ventas', 'Alerta 1', 'Detalle de la alerta generada automáticamente.', false);
INSERT INTO public.alertas (id, empresa_id, tipo, modulo_origen, titulo, mensaje, leida) VALUES ('b946619b-86aa-409d-a6a6-ff42fb0611a9', '207bf963-c85e-4525-978e-a186455be7cd', 'advertencia', 'rrhh', 'Alerta 2', 'Detalle de la alerta generada automáticamente.', true);
INSERT INTO public.alertas (id, empresa_id, tipo, modulo_origen, titulo, mensaje, leida) VALUES ('b2aba56b-8553-4ac2-b15f-cf89f75fd556', '207bf963-c85e-4525-978e-a186455be7cd', 'info', 'ventas', 'Alerta 3', 'Detalle de la alerta generada automáticamente.', true);
INSERT INTO public.alertas (id, empresa_id, tipo, modulo_origen, titulo, mensaje, leida) VALUES ('ecc741ce-4b2a-46fa-9619-a5f1f2315372', '207bf963-c85e-4525-978e-a186455be7cd', 'info', 'inventario', 'Alerta 4', 'Detalle de la alerta generada automáticamente.', true);
INSERT INTO public.alertas (id, empresa_id, tipo, modulo_origen, titulo, mensaje, leida) VALUES ('243980d9-e077-4efc-ba05-2e06704fa31f', '207bf963-c85e-4525-978e-a186455be7cd', 'exito', 'inventario', 'Alerta 5', 'Detalle de la alerta generada automáticamente.', true);
INSERT INTO public.alertas (id, empresa_id, tipo, modulo_origen, titulo, mensaje, leida) VALUES ('4c943069-cbf1-4129-98e5-c226063a651f', '207bf963-c85e-4525-978e-a186455be7cd', 'info', 'inventario', 'Alerta 6', 'Detalle de la alerta generada automáticamente.', false);
INSERT INTO public.alertas (id, empresa_id, tipo, modulo_origen, titulo, mensaje, leida) VALUES ('266bd0e5-ac3c-49c9-b63b-6ed1338d7078', '207bf963-c85e-4525-978e-a186455be7cd', 'exito', 'ventas', 'Alerta 7', 'Detalle de la alerta generada automáticamente.', false);
INSERT INTO public.alertas (id, empresa_id, tipo, modulo_origen, titulo, mensaje, leida) VALUES ('df459a48-f415-4d11-9579-adfdc97b0272', '207bf963-c85e-4525-978e-a186455be7cd', 'advertencia', 'rrhh', 'Alerta 8', 'Detalle de la alerta generada automáticamente.', false);
INSERT INTO public.alertas (id, empresa_id, tipo, modulo_origen, titulo, mensaje, leida) VALUES ('93bdc82b-e58d-4de4-936d-bd72e52e7772', '207bf963-c85e-4525-978e-a186455be7cd', 'advertencia', 'rrhh', 'Alerta 9', 'Detalle de la alerta generada automáticamente.', true);
INSERT INTO public.alertas (id, empresa_id, tipo, modulo_origen, titulo, mensaje, leida) VALUES ('97ae276a-d95b-477b-a756-f5c7bf0b9c9e', '207bf963-c85e-4525-978e-a186455be7cd', 'critica', 'rrhh', 'Alerta 10', 'Detalle de la alerta generada automáticamente.', true);
INSERT INTO public.alertas (id, empresa_id, tipo, modulo_origen, titulo, mensaje, leida) VALUES ('a9b2a014-5da5-4027-a87d-6be9f2ee2e73', '207bf963-c85e-4525-978e-a186455be7cd', 'exito', 'inventario', 'Alerta 11', 'Detalle de la alerta generada automáticamente.', false);
INSERT INTO public.alertas (id, empresa_id, tipo, modulo_origen, titulo, mensaje, leida) VALUES ('b5d09706-66e1-4dc0-ae31-c87c00a351a1', '207bf963-c85e-4525-978e-a186455be7cd', 'exito', 'ventas', 'Alerta 12', 'Detalle de la alerta generada automáticamente.', false);
INSERT INTO public.alertas (id, empresa_id, tipo, modulo_origen, titulo, mensaje, leida) VALUES ('b65403fa-5697-4b33-895d-e52e00d36439', '207bf963-c85e-4525-978e-a186455be7cd', 'exito', 'inventario', 'Alerta 13', 'Detalle de la alerta generada automáticamente.', true);
INSERT INTO public.alertas (id, empresa_id, tipo, modulo_origen, titulo, mensaje, leida) VALUES ('898d117f-67e3-41a7-bb99-a654ea5cea82', '207bf963-c85e-4525-978e-a186455be7cd', 'exito', 'rrhh', 'Alerta 14', 'Detalle de la alerta generada automáticamente.', false);
INSERT INTO public.alertas (id, empresa_id, tipo, modulo_origen, titulo, mensaje, leida) VALUES ('2c039a7c-0174-4929-9700-d6a863fd7997', '46f71144-7c40-43db-9bc7-f55961dd30cd', 'info', 'ventas', 'Alerta 0', 'Detalle de la alerta generada automáticamente.', false);
INSERT INTO public.alertas (id, empresa_id, tipo, modulo_origen, titulo, mensaje, leida) VALUES ('4e761310-32fc-4743-bf72-da3ccbec6dba', '46f71144-7c40-43db-9bc7-f55961dd30cd', 'exito', 'rrhh', 'Alerta 1', 'Detalle de la alerta generada automáticamente.', true);
INSERT INTO public.alertas (id, empresa_id, tipo, modulo_origen, titulo, mensaje, leida) VALUES ('6251f054-0fae-4665-84b3-d20018475b8b', '46f71144-7c40-43db-9bc7-f55961dd30cd', 'exito', 'rrhh', 'Alerta 2', 'Detalle de la alerta generada automáticamente.', true);
INSERT INTO public.alertas (id, empresa_id, tipo, modulo_origen, titulo, mensaje, leida) VALUES ('22a65f57-f091-4f95-9c0c-a6f9f43a9852', '46f71144-7c40-43db-9bc7-f55961dd30cd', 'advertencia', 'inventario', 'Alerta 3', 'Detalle de la alerta generada automáticamente.', true);
INSERT INTO public.alertas (id, empresa_id, tipo, modulo_origen, titulo, mensaje, leida) VALUES ('e5592709-fe6c-4481-8b5d-020c3eb3cf1e', '46f71144-7c40-43db-9bc7-f55961dd30cd', 'critica', 'inventario', 'Alerta 4', 'Detalle de la alerta generada automáticamente.', true);
INSERT INTO public.alertas (id, empresa_id, tipo, modulo_origen, titulo, mensaje, leida) VALUES ('3ad2ac3e-feee-426b-a36b-53cd70c78721', '46f71144-7c40-43db-9bc7-f55961dd30cd', 'info', 'rrhh', 'Alerta 5', 'Detalle de la alerta generada automáticamente.', true);
INSERT INTO public.alertas (id, empresa_id, tipo, modulo_origen, titulo, mensaje, leida) VALUES ('32bfe57a-3819-417c-a444-2ecc501e95dc', '46f71144-7c40-43db-9bc7-f55961dd30cd', 'exito', 'ventas', 'Alerta 6', 'Detalle de la alerta generada automáticamente.', false);
INSERT INTO public.alertas (id, empresa_id, tipo, modulo_origen, titulo, mensaje, leida) VALUES ('8aeff2b3-f1e7-4da1-b1ee-33c6339989bf', '46f71144-7c40-43db-9bc7-f55961dd30cd', 'exito', 'rrhh', 'Alerta 7', 'Detalle de la alerta generada automáticamente.', false);
INSERT INTO public.alertas (id, empresa_id, tipo, modulo_origen, titulo, mensaje, leida) VALUES ('453839c7-dc07-4ba4-899e-a78b6cdc2be5', '46f71144-7c40-43db-9bc7-f55961dd30cd', 'exito', 'rrhh', 'Alerta 8', 'Detalle de la alerta generada automáticamente.', true);
INSERT INTO public.alertas (id, empresa_id, tipo, modulo_origen, titulo, mensaje, leida) VALUES ('ba535ff0-17bb-42e3-8450-f516ec9abc92', '46f71144-7c40-43db-9bc7-f55961dd30cd', 'critica', 'ventas', 'Alerta 9', 'Detalle de la alerta generada automáticamente.', true);
INSERT INTO public.alertas (id, empresa_id, tipo, modulo_origen, titulo, mensaje, leida) VALUES ('c6282078-a17e-4c4e-abaa-e6933f4f945b', '46f71144-7c40-43db-9bc7-f55961dd30cd', 'advertencia', 'inventario', 'Alerta 10', 'Detalle de la alerta generada automáticamente.', false);
INSERT INTO public.alertas (id, empresa_id, tipo, modulo_origen, titulo, mensaje, leida) VALUES ('bfcadd5e-bbf4-4794-99b5-edffb1887d0e', '46f71144-7c40-43db-9bc7-f55961dd30cd', 'advertencia', 'ventas', 'Alerta 11', 'Detalle de la alerta generada automáticamente.', true);
INSERT INTO public.alertas (id, empresa_id, tipo, modulo_origen, titulo, mensaje, leida) VALUES ('378c3f74-3405-4c62-8614-b260ac490028', '46f71144-7c40-43db-9bc7-f55961dd30cd', 'critica', 'rrhh', 'Alerta 12', 'Detalle de la alerta generada automáticamente.', true);
INSERT INTO public.alertas (id, empresa_id, tipo, modulo_origen, titulo, mensaje, leida) VALUES ('6cfc6f67-1b66-4d85-96de-4f5b0a96d854', '46f71144-7c40-43db-9bc7-f55961dd30cd', 'exito', 'rrhh', 'Alerta 13', 'Detalle de la alerta generada automáticamente.', true);
INSERT INTO public.alertas (id, empresa_id, tipo, modulo_origen, titulo, mensaje, leida) VALUES ('d3ba8d5a-0f15-45c8-a519-cc3f533d4279', '46f71144-7c40-43db-9bc7-f55961dd30cd', 'critica', 'ventas', 'Alerta 14', 'Detalle de la alerta generada automáticamente.', true);
-- TICKETS
INSERT INTO public.tickets_clientes (id, empresa_id, cliente_id, asunto, descripcion, estado, prioridad, atendido_por) VALUES ('4a9b2e95-01ce-4770-9f4d-dec4ea95a2e6', '207bf963-c85e-4525-978e-a186455be7cd', '7492878f-aa0e-4d1c-a3a1-ddc6e9e5e590', 'Problema 0', 'Descripción del ticket de soporte', 'resuelto', 'baja', '76a2e59c-0cd9-4f6f-aa75-dc05fb0b5ad3');
INSERT INTO public.tickets_clientes (id, empresa_id, cliente_id, asunto, descripcion, estado, prioridad, atendido_por) VALUES ('46da93cd-2602-4f96-aa37-6d12f57afcaf', '207bf963-c85e-4525-978e-a186455be7cd', '90aa1083-921a-40a8-bed4-fefded8818d8', 'Problema 1', 'Descripción del ticket de soporte', 'resuelto', 'baja', 'd89caccf-822b-4ca4-936b-95e314433039');
INSERT INTO public.tickets_clientes (id, empresa_id, cliente_id, asunto, descripcion, estado, prioridad, atendido_por) VALUES ('a5c9155a-a543-4c23-a1e2-5973390e01fa', '207bf963-c85e-4525-978e-a186455be7cd', 'edbc0293-a482-45ce-8970-29e1fe04917d', 'Problema 2', 'Descripción del ticket de soporte', 'resuelto', 'alta', '76a2e59c-0cd9-4f6f-aa75-dc05fb0b5ad3');
INSERT INTO public.tickets_clientes (id, empresa_id, cliente_id, asunto, descripcion, estado, prioridad, atendido_por) VALUES ('1668aba2-f085-4020-8ae6-f9df56675d33', '207bf963-c85e-4525-978e-a186455be7cd', '6e58cfb6-5560-4f3a-af56-64fff8996db8', 'Problema 3', 'Descripción del ticket de soporte', 'abierto', 'urgente', '37914e59-1ccb-48a2-86de-b2663373cb7e');
INSERT INTO public.tickets_clientes (id, empresa_id, cliente_id, asunto, descripcion, estado, prioridad, atendido_por) VALUES ('fc74709c-5fe6-4e49-acfc-32d913a3a116', '207bf963-c85e-4525-978e-a186455be7cd', '372402b5-28fe-415b-a179-f1423a2988da', 'Problema 4', 'Descripción del ticket de soporte', 'cerrado', 'alta', '37914e59-1ccb-48a2-86de-b2663373cb7e');
INSERT INTO public.tickets_clientes (id, empresa_id, cliente_id, asunto, descripcion, estado, prioridad, atendido_por) VALUES ('c97bf34e-68a3-4f63-b3c0-d5e463d3a5c3', '207bf963-c85e-4525-978e-a186455be7cd', 'cbef12e3-ab31-47c5-80a1-47e71643c608', 'Problema 5', 'Descripción del ticket de soporte', 'abierto', 'alta', 'd89caccf-822b-4ca4-936b-95e314433039');
INSERT INTO public.tickets_clientes (id, empresa_id, cliente_id, asunto, descripcion, estado, prioridad, atendido_por) VALUES ('25f87a9f-1c07-4c00-94dd-8141701da690', '207bf963-c85e-4525-978e-a186455be7cd', '9daff078-e817-45c2-ab5a-60017ba3f11f', 'Problema 6', 'Descripción del ticket de soporte', 'en_atencion', 'alta', '0995dd4a-c10d-4d43-98da-97adb7379197');
INSERT INTO public.tickets_clientes (id, empresa_id, cliente_id, asunto, descripcion, estado, prioridad, atendido_por) VALUES ('765f6fb6-88cc-4c83-99f4-521c7ceac357', '207bf963-c85e-4525-978e-a186455be7cd', '7b515735-9796-499b-9124-f4002b316abb', 'Problema 7', 'Descripción del ticket de soporte', 'cerrado', 'alta', '0995dd4a-c10d-4d43-98da-97adb7379197');
INSERT INTO public.tickets_clientes (id, empresa_id, cliente_id, asunto, descripcion, estado, prioridad, atendido_por) VALUES ('46573716-329d-4b32-bcc1-11a0fa5deb1d', '207bf963-c85e-4525-978e-a186455be7cd', '2213e2e3-ca55-4dc1-b46b-cc0c569ba06b', 'Problema 8', 'Descripción del ticket de soporte', 'abierto', 'alta', '37914e59-1ccb-48a2-86de-b2663373cb7e');
INSERT INTO public.tickets_clientes (id, empresa_id, cliente_id, asunto, descripcion, estado, prioridad, atendido_por) VALUES ('2abbf054-925f-49c6-b025-e40ca7a80355', '207bf963-c85e-4525-978e-a186455be7cd', 'a90d5d06-d87b-4bd6-9a65-81296fad7957', 'Problema 9', 'Descripción del ticket de soporte', 'resuelto', 'alta', '37914e59-1ccb-48a2-86de-b2663373cb7e');
INSERT INTO public.tickets_clientes (id, empresa_id, cliente_id, asunto, descripcion, estado, prioridad, atendido_por) VALUES ('2c92e564-1bbb-4f71-8b95-6836c20f3d61', '46f71144-7c40-43db-9bc7-f55961dd30cd', 'cb5286b2-019d-4e4e-a22d-4a126908a1c2', 'Problema 0', 'Descripción del ticket de soporte', 'resuelto', 'baja', '0f724f4f-7079-4785-9f0a-005e6f5700dc');
INSERT INTO public.tickets_clientes (id, empresa_id, cliente_id, asunto, descripcion, estado, prioridad, atendido_por) VALUES ('48d7ccf5-585c-4d85-95f2-fbddd6ab4232', '46f71144-7c40-43db-9bc7-f55961dd30cd', 'bc7b2d24-d7fd-448b-afda-e15f7d35a367', 'Problema 1', 'Descripción del ticket de soporte', 'resuelto', 'media', 'a37b5ff1-84e8-4ab0-8d26-41384a161135');
INSERT INTO public.tickets_clientes (id, empresa_id, cliente_id, asunto, descripcion, estado, prioridad, atendido_por) VALUES ('7ba765d3-2b7a-426c-b7bc-e0e425464f39', '46f71144-7c40-43db-9bc7-f55961dd30cd', '7b6da2f8-d236-41e2-9a53-32406f347dc2', 'Problema 2', 'Descripción del ticket de soporte', 'resuelto', 'alta', '0f724f4f-7079-4785-9f0a-005e6f5700dc');
INSERT INTO public.tickets_clientes (id, empresa_id, cliente_id, asunto, descripcion, estado, prioridad, atendido_por) VALUES ('53bb29e5-e82d-4789-a7c9-ee6d787a2c21', '46f71144-7c40-43db-9bc7-f55961dd30cd', '30c6bedc-070f-482c-a406-31468ec13e16', 'Problema 3', 'Descripción del ticket de soporte', 'en_atencion', 'baja', '0f724f4f-7079-4785-9f0a-005e6f5700dc');
INSERT INTO public.tickets_clientes (id, empresa_id, cliente_id, asunto, descripcion, estado, prioridad, atendido_por) VALUES ('4046844a-b036-4363-b015-eef750c60da5', '46f71144-7c40-43db-9bc7-f55961dd30cd', '7b6da2f8-d236-41e2-9a53-32406f347dc2', 'Problema 4', 'Descripción del ticket de soporte', 'cerrado', 'urgente', 'a37b5ff1-84e8-4ab0-8d26-41384a161135');
INSERT INTO public.tickets_clientes (id, empresa_id, cliente_id, asunto, descripcion, estado, prioridad, atendido_por) VALUES ('d0ed8501-ead7-4a75-b1a2-538ce0eae5db', '46f71144-7c40-43db-9bc7-f55961dd30cd', '3729279a-38de-452b-b7b3-99ac580595c5', 'Problema 5', 'Descripción del ticket de soporte', 'resuelto', 'media', '8da403ce-76b3-4c83-bc23-d83b3f66b80d');
INSERT INTO public.tickets_clientes (id, empresa_id, cliente_id, asunto, descripcion, estado, prioridad, atendido_por) VALUES ('dc1f9c8e-3fcb-4e83-a91c-15706ddaedf1', '46f71144-7c40-43db-9bc7-f55961dd30cd', '1f568829-45a2-4f62-bc23-4376ecafb11c', 'Problema 6', 'Descripción del ticket de soporte', 'resuelto', 'baja', 'a37b5ff1-84e8-4ab0-8d26-41384a161135');
INSERT INTO public.tickets_clientes (id, empresa_id, cliente_id, asunto, descripcion, estado, prioridad, atendido_por) VALUES ('c118a6e1-ec42-43c1-bdd7-7ba73a63809d', '46f71144-7c40-43db-9bc7-f55961dd30cd', 'd119dd7c-c245-4c00-ba12-4f0b6e947161', 'Problema 7', 'Descripción del ticket de soporte', 'cerrado', 'urgente', '0f724f4f-7079-4785-9f0a-005e6f5700dc');
INSERT INTO public.tickets_clientes (id, empresa_id, cliente_id, asunto, descripcion, estado, prioridad, atendido_por) VALUES ('c8f0a9be-6e71-48cf-9265-4683ec92df52', '46f71144-7c40-43db-9bc7-f55961dd30cd', '30c6bedc-070f-482c-a406-31468ec13e16', 'Problema 8', 'Descripción del ticket de soporte', 'abierto', 'baja', '0f724f4f-7079-4785-9f0a-005e6f5700dc');
INSERT INTO public.tickets_clientes (id, empresa_id, cliente_id, asunto, descripcion, estado, prioridad, atendido_por) VALUES ('4e1ec3e0-8c31-4528-b103-6ffdbcfd13f3', '46f71144-7c40-43db-9bc7-f55961dd30cd', 'bf10bd76-c258-44a9-b20a-d5548baad4a2', 'Problema 9', 'Descripción del ticket de soporte', 'cerrado', 'alta', '8da403ce-76b3-4c83-bc23-d83b3f66b80d');